model,index,module,milliseconds
s03_8k,0,input_rearrange,0.008224000222980976
s03_8k,0,head_conv,0.05177599936723709
s03_8k,0,body0_norm,0.0013439999893307686
s03_8k,0,body0_conv,0.10035199671983719
s03_8k,0,body0_activation,0.011136000044643879
s03_8k,0,body1_norm,0.00038400001358240843
s03_8k,0,body1_conv,0.10185600072145462
s03_8k,0,body1_activation,0.01196799986064434
s03_8k,0,body2_norm,0.0012159999459981918
s03_8k,0,body2_conv,0.09795200079679489
s03_8k,0,body2_activation,0.012191999703645706
s03_8k,0,body3_norm,0.0011840000515803695
s03_8k,0,body3_conv,0.09827200323343277
s03_8k,0,body3_activation,0.01065600011497736
s03_8k,0,thumbnail_pool,0.03200000151991844
s03_8k,0,reference_encoder0,0.005024000070989132
s03_8k,0,reference_encoder1,0.003616000059992075
s03_8k,0,reference_encoder2,0.012640000320971012
s03_8k,0,reference_encoder3,0.003616000059992075
s03_8k,0,reference_pool,0.06665600091218948
s03_8k,0,reference_project,0.006144000217318535
s03_8k,0,reference_resize,0.018079999834299088
s03_8k,0,tail_norm,0.00031999999191612005
s03_8k,0,tail_conv,0.10172799974679947
s03_8k,0,output_conv,0.21055999398231506
s03_8k,0,shuffle_stage0,0.02627200074493885
s03_8k,0,shuffle_stage1,0.02627200074493885
s03_8k,1,input_rearrange,0.00800000037997961
s03_8k,1,head_conv,0.051872000098228455
s03_8k,1,body0_norm,0.0013119999784976244
s03_8k,1,body0_conv,0.10051199793815613
s03_8k,1,body0_activation,0.011872000060975552
s03_8k,1,body1_norm,0.001247999956831336
s03_8k,1,body1_conv,0.10188800096511841
s03_8k,1,body1_activation,0.011872000060975552
s03_8k,1,body2_norm,0.0013439999893307686
s03_8k,1,body2_conv,0.09775999933481216
s03_8k,1,body2_activation,0.012032000347971916
s03_8k,1,body3_norm,0.0012799999676644802
s03_8k,1,body3_conv,0.09830400347709656
s03_8k,1,body3_activation,0.01065600011497736
s03_8k,1,thumbnail_pool,0.03200000151991844
s03_8k,1,reference_encoder0,0.005216000135987997
s03_8k,1,reference_encoder1,0.003648000070825219
s03_8k,1,reference_encoder2,0.012671999633312225
s03_8k,1,reference_encoder3,0.0038079998921602964
s03_8k,1,reference_pool,0.06678400188684464
s03_8k,1,reference_project,0.006144000217318535
s03_8k,1,reference_resize,0.018079999834299088
s03_8k,1,tail_norm,0.00031999999191612005
s03_8k,1,tail_conv,0.10172799974679947
s03_8k,1,output_conv,0.21055999398231506
s03_8k,1,shuffle_stage0,0.026240000501275063
s03_8k,1,shuffle_stage1,0.02627200074493885
s03_8k,2,input_rearrange,0.008063999935984612
s03_8k,2,head_conv,0.04979199916124344
s03_8k,2,body0_norm,0.0016959999920800328
s03_8k,2,body0_conv,0.10220800340175629
s03_8k,2,body0_activation,0.011680000461637974
s03_8k,2,body1_norm,0.0013439999893307686
s03_8k,2,body1_conv,0.10182400047779083
s03_8k,2,body1_activation,0.012000000104308128
s03_8k,2,body2_norm,0.0011840000515803695
s03_8k,2,body2_conv,0.09782399982213974
s03_8k,2,body2_activation,0.011711999773979187
s03_8k,2,body3_norm,0.0013439999893307686
s03_8k,2,body3_conv,0.09814400225877762
s03_8k,2,body3_activation,0.01065600011497736
s03_8k,2,thumbnail_pool,0.03187200054526329
s03_8k,2,reference_encoder0,0.007007999811321497
s03_8k,2,reference_encoder1,0.0038079998921602964
s03_8k,2,reference_encoder2,0.010495999827980995
s03_8k,2,reference_encoder3,0.003648000070825219
s03_8k,2,reference_pool,0.06678400188684464
s03_8k,2,reference_project,0.006144000217318535
s03_8k,2,reference_resize,0.018079999834299088
s03_8k,2,tail_norm,0.00035200000274926424
s03_8k,2,tail_conv,0.10172799974679947
s03_8k,2,output_conv,0.21052800118923187
s03_8k,2,shuffle_stage0,0.02630399912595749
s03_8k,2,shuffle_stage1,0.02627200074493885
s03_8k,3,input_rearrange,0.00800000037997961
s03_8k,3,head_conv,0.0498879998922348
s03_8k,3,body0_norm,0.001247999956831336
s03_8k,3,body0_conv,0.10047999769449234
s03_8k,3,body0_activation,0.012128000147640705
s03_8k,3,body1_norm,0.0018560000462457538
s03_8k,3,body1_conv,0.10108800232410431
s03_8k,3,body1_activation,0.011935999616980553
s03_8k,3,body2_norm,0.0013760000001639128
s03_8k,3,body2_conv,0.09779199957847595
s03_8k,3,body2_activation,0.01196799986064434
s03_8k,3,body3_norm,0.001247999956831336
s03_8k,3,body3_conv,0.10035199671983719
s03_8k,3,body3_activation,0.01056000031530857
s03_8k,3,thumbnail_pool,0.03200000151991844
s03_8k,3,reference_encoder0,0.004991999827325344
s03_8k,3,reference_encoder1,0.003648000070825219
s03_8k,3,reference_encoder2,0.01228800043463707
s03_8k,3,reference_encoder3,0.003776000114157796
s03_8k,3,reference_pool,0.06649599969387054
s03_8k,3,reference_project,0.006144000217318535
s03_8k,3,reference_resize,0.018079999834299088
s03_8k,3,tail_norm,0.00035200000274926424
s03_8k,3,tail_conv,0.10172799974679947
s03_8k,3,output_conv,0.2126079946756363
s03_8k,3,shuffle_stage0,0.02627200074493885
s03_8k,3,shuffle_stage1,0.02627200074493885
s03_8k,4,input_rearrange,0.007648000027984381
s03_8k,4,head_conv,0.0496320016682148
s03_8k,4,body0_norm,0.001247999956831336
s03_8k,4,body0_conv,0.10044799745082855
s03_8k,4,body0_activation,0.012000000104308128
s03_8k,4,body1_norm,0.0012159999459981918
s03_8k,4,body1_conv,0.10188800096511841
s03_8k,4,body1_activation,0.011680000461637974
s03_8k,4,body2_norm,0.001247999956831336
s03_8k,4,body2_conv,0.0979200005531311
s03_8k,4,body2_activation,0.012095999903976917
s03_8k,4,body3_norm,0.0013119999784976244
s03_8k,4,body3_conv,0.09795200079679489
s03_8k,4,body3_activation,0.01065600011497736
s03_8k,4,thumbnail_pool,0.031968001276254654
s03_8k,4,reference_encoder0,0.0050559998489916325
s03_8k,4,reference_encoder1,0.0036800000816583633
s03_8k,4,reference_encoder2,0.012671999633312225
s03_8k,4,reference_encoder3,0.0038079998921602964
s03_8k,4,reference_pool,0.06678400188684464
s03_8k,4,reference_project,0.006144000217318535
s03_8k,4,reference_resize,0.018079999834299088
s03_8k,4,tail_norm,0.00031999999191612005
s03_8k,4,tail_conv,0.10172799974679947
s03_8k,4,output_conv,0.21055999398231506
s03_8k,4,shuffle_stage0,0.02627200074493885
s03_8k,4,shuffle_stage1,0.02627200074493885
s03_8k,5,input_rearrange,0.008128000423312187
s03_8k,5,head_conv,0.04995200037956238
s03_8k,5,body0_norm,0.0012799999676644802
s03_8k,5,body0_conv,0.10054399818181992
s03_8k,5,body0_activation,0.011776000261306763
s03_8k,5,body1_norm,0.0011840000515803695
s03_8k,5,body1_conv,0.10195200145244598
s03_8k,5,body1_activation,0.011935999616980553
s03_8k,5,body2_norm,0.0011840000515803695
s03_8k,5,body2_conv,0.09788800030946732
s03_8k,5,body2_activation,0.011711999773979187
s03_8k,5,body3_norm,0.0011520000407472253
s03_8k,5,body3_conv,0.09852799773216248
s03_8k,5,body3_activation,0.010623999871313572
s03_8k,5,thumbnail_pool,0.03187200054526329
s03_8k,5,reference_encoder0,0.005280000157654285
s03_8k,5,reference_encoder1,0.0037120000924915075
s03_8k,5,reference_encoder2,0.012480000033974648
s03_8k,5,reference_encoder3,0.003616000059992075
s03_8k,5,reference_pool,0.06681600213050842
s03_8k,5,reference_project,0.006175999995321035
s03_8k,5,reference_resize,0.018079999834299088
s03_8k,5,tail_norm,0.00031999999191612005
s03_8k,5,tail_conv,0.10172799974679947
s03_8k,5,output_conv,0.2126079946756363
s03_8k,5,shuffle_stage0,0.026240000501275063
s03_8k,5,shuffle_stage1,0.02627200074493885
s03_8k,6,input_rearrange,0.010048000141978264
s03_8k,6,head_conv,0.04966399818658829
s03_8k,6,body0_norm,0.0012159999459981918
s03_8k,6,body0_conv,0.10265599936246872
s03_8k,6,body0_activation,0.011839999817311764
s03_8k,6,body1_norm,0.0011840000515803695
s03_8k,6,body1_conv,0.10400000214576721
s03_8k,6,body1_activation,0.011807999573647976
s03_8k,6,body2_norm,0.0014720000326633453
s03_8k,6,body2_conv,0.09974399954080582
s03_8k,6,body2_activation,0.01190400030463934
s03_8k,6,body3_norm,0.0011840000515803695
s03_8k,6,body3_conv,0.09839999675750732
s03_8k,6,body3_activation,0.01065600011497736
s03_8k,6,thumbnail_pool,0.03200000151991844
s03_8k,6,reference_encoder0,0.005247999913990498
s03_8k,6,reference_encoder1,0.0038079998921602964
s03_8k,6,reference_encoder2,0.012575999833643436
s03_8k,6,reference_encoder3,0.003936000168323517
s03_8k,6,reference_pool,0.06665600091218948
s03_8k,6,reference_project,0.006144000217318535
s03_8k,6,reference_resize,0.018079999834299088
s03_8k,6,tail_norm,0.00031999999191612005
s03_8k,6,tail_conv,0.10172799974679947
s03_8k,6,output_conv,0.2126079946756363
s03_8k,6,shuffle_stage0,0.02627200074493885
s03_8k,6,shuffle_stage1,0.02627200074493885
s03_8k,7,input_rearrange,0.007519999984651804
s03_8k,7,head_conv,0.049855999648571014
s03_8k,7,body0_norm,0.001408000010997057
s03_8k,7,body0_conv,0.10041599720716476
s03_8k,7,body0_activation,0.01190400030463934
s03_8k,7,body1_norm,0.0011840000515803695
s03_8k,7,body1_conv,0.1019200012087822
s03_8k,7,body1_activation,0.012000000104308128
s03_8k,7,body2_norm,0.0012159999459981918
s03_8k,7,body2_conv,0.09782399982213974
s03_8k,7,body2_activation,0.01196799986064434
s03_8k,7,body3_norm,0.0014400000218302011
s03_8k,7,body3_conv,0.0982080027461052
s03_8k,7,body3_activation,0.01056000031530857
s03_8k,7,thumbnail_pool,0.03200000151991844
s03_8k,7,reference_encoder0,0.005024000070989132
s03_8k,7,reference_encoder1,0.00342399999499321
s03_8k,7,reference_encoder2,0.012640000320971012
s03_8k,7,reference_encoder3,0.003871999913826585
s03_8k,7,reference_pool,0.06672000139951706
s03_8k,7,reference_project,0.006144000217318535
s03_8k,7,reference_resize,0.018079999834299088
s03_8k,7,tail_norm,0.00031999999191612005
s03_8k,7,tail_conv,0.10172799974679947
s03_8k,7,output_conv,0.2125760018825531
s03_8k,7,shuffle_stage0,0.02627200074493885
s03_8k,7,shuffle_stage1,0.02627200074493885
s03_8k,8,input_rearrange,0.008031999692320824
s03_8k,8,head_conv,0.0498879998922348
s03_8k,8,body0_norm,0.0013119999784976244
s03_8k,8,body0_conv,0.10233599692583084
s03_8k,8,body0_activation,0.011935999616980553
s03_8k,8,body1_norm,0.0012159999459981918
s03_8k,8,body1_conv,0.10400000214576721
s03_8k,8,body1_activation,0.012095999903976917
s03_8k,8,body2_norm,0.0011840000515803695
s03_8k,8,body2_conv,0.09782399982213974
s03_8k,8,body2_activation,0.01190400030463934
s03_8k,8,body3_norm,0.0011840000515803695
s03_8k,8,body3_conv,0.09839999675750732
s03_8k,8,body3_activation,0.010528000071644783
s03_8k,8,thumbnail_pool,0.03187200054526329
s03_8k,8,reference_encoder0,0.005024000070989132
s03_8k,8,reference_encoder1,0.003776000114157796
s03_8k,8,reference_encoder2,0.012575999833643436
s03_8k,8,reference_encoder3,0.003776000114157796
s03_8k,8,reference_pool,0.06656000018119812
s03_8k,8,reference_project,0.006144000217318535
s03_8k,8,reference_resize,0.0180479995906353
s03_8k,8,tail_norm,0.00031999999191612005
s03_8k,8,tail_conv,0.10172799974679947
s03_8k,8,output_conv,0.21055999398231506
s03_8k,8,shuffle_stage0,0.02627200074493885
s03_8k,8,shuffle_stage1,0.02828799933195114
s03_8k,9,input_rearrange,0.007935999892652035
s03_8k,9,head_conv,0.04975999891757965
s03_8k,9,body0_norm,0.001247999956831336
s03_8k,9,body0_conv,0.10047999769449234
s03_8k,9,body0_activation,0.011935999616980553
s03_8k,9,body1_norm,0.001247999956831336
s03_8k,9,body1_conv,0.10185600072145462
s03_8k,9,body1_activation,0.01196799986064434
s03_8k,9,body2_norm,0.0011840000515803695
s03_8k,9,body2_conv,0.09779199957847595
s03_8k,9,body2_activation,0.011807999573647976
s03_8k,9,body3_norm,0.0011520000407472253
s03_8k,9,body3_conv,0.09839999675750732
s03_8k,9,body3_activation,0.010463999584317207
s03_8k,9,thumbnail_pool,0.03190400078892708
s03_8k,9,reference_encoder0,0.0049600000493228436
s03_8k,9,reference_encoder1,0.0038079998921602964
s03_8k,9,reference_encoder2,0.012671999633312225
s03_8k,9,reference_encoder3,0.003648000070825219
s03_8k,9,reference_pool,0.06668800115585327
s03_8k,9,reference_project,0.006144000217318535
s03_8k,9,reference_resize,0.018079999834299088
s03_8k,9,tail_norm,0.00031999999191612005
s03_8k,9,tail_conv,0.10172799974679947
s03_8k,9,output_conv,0.21055999398231506
s03_8k,9,shuffle_stage0,0.02627200074493885
s03_8k,9,shuffle_stage1,0.02627200074493885
s03_8k,10,input_rearrange,0.007935999892652035
s03_8k,10,head_conv,0.04975999891757965
s03_8k,10,body0_norm,0.0012799999676644802
s03_8k,10,body0_conv,0.10233599692583084
s03_8k,10,body0_activation,0.012095999903976917
s03_8k,10,body1_norm,0.0013119999784976244
s03_8k,10,body1_conv,0.10172799974679947
s03_8k,10,body1_activation,0.012032000347971916
s03_8k,10,body2_norm,0.0011840000515803695
s03_8k,10,body2_conv,0.09779199957847595
s03_8k,10,body2_activation,0.011935999616980553
s03_8k,10,body3_norm,0.0013439999893307686
s03_8k,10,body3_conv,0.0981760025024414
s03_8k,10,body3_activation,0.010528000071644783
s03_8k,10,thumbnail_pool,0.03203200176358223
s03_8k,10,reference_encoder0,0.007007999811321497
s03_8k,10,reference_encoder1,0.0037440001033246517
s03_8k,10,reference_encoder2,0.012575999833643436
s03_8k,10,reference_encoder3,0.0038079998921602964
s03_8k,10,reference_pool,0.06675200164318085
s03_8k,10,reference_project,0.006144000217318535
s03_8k,10,reference_resize,0.018079999834299088
s03_8k,10,tail_norm,0.00035200000274926424
s03_8k,10,tail_conv,0.10175999999046326
s03_8k,10,output_conv,0.21055999398231506
s03_8k,10,shuffle_stage0,0.02627200074493885
s03_8k,10,shuffle_stage1,0.026240000501275063
s03_8k,11,input_rearrange,0.009855999611318111
s03_8k,11,head_conv,0.05110400170087814
s03_8k,11,body0_norm,0.0012159999459981918
s03_8k,11,body0_conv,0.09852799773216248
s03_8k,11,body0_activation,0.012032000347971916
s03_8k,11,body1_norm,0.0011840000515803695
s03_8k,11,body1_conv,0.10182400047779083
s03_8k,11,body1_activation,0.012032000347971916
s03_8k,11,body2_norm,0.0012159999459981918
s03_8k,11,body2_conv,0.09785600006580353
s03_8k,11,body2_activation,0.012000000104308128
s03_8k,11,body3_norm,0.0013119999784976244
s03_8k,11,body3_conv,0.09827200323343277
s03_8k,11,body3_activation,0.010432000271975994
s03_8k,11,thumbnail_pool,0.031936001032590866
s03_8k,11,reference_encoder0,0.005344000179320574
s03_8k,11,reference_encoder1,0.003967999946326017
s03_8k,11,reference_encoder2,0.012480000033974648
s03_8k,11,reference_encoder3,0.0038399999029934406
s03_8k,11,reference_pool,0.06678400188684464
s03_8k,11,reference_project,0.006111999973654747
s03_8k,11,reference_resize,0.018112000077962875
s03_8k,11,tail_norm,0.00031999999191612005
s03_8k,11,tail_conv,0.10172799974679947
s03_8k,11,output_conv,0.2126079946756363
s03_8k,11,shuffle_stage0,0.02627200074493885
s03_8k,11,shuffle_stage1,0.02627200074493885
s03_8k,12,input_rearrange,0.010015999898314476
s03_8k,12,head_conv,0.0496320016682148
s03_8k,12,body0_norm,0.001408000010997057
s03_8k,12,body0_conv,0.1003199964761734
s03_8k,12,body0_activation,0.011807999573647976
s03_8k,12,body1_norm,0.0011840000515803695
s03_8k,12,body1_conv,0.10198400169610977
s03_8k,12,body1_activation,0.01196799986064434
s03_8k,12,body2_norm,0.0012159999459981918
s03_8k,12,body2_conv,0.09795200079679489
s03_8k,12,body2_activation,0.011711999773979187
s03_8k,12,body3_norm,0.0011840000515803695
s03_8k,12,body3_conv,0.10047999769449234
s03_8k,12,body3_activation,0.01065600011497736
s03_8k,12,thumbnail_pool,0.03187200054526329
s03_8k,12,reference_encoder0,0.005375999957323074
s03_8k,12,reference_encoder1,0.0038079998921602964
s03_8k,12,reference_encoder2,0.012480000033974648
s03_8k,12,reference_encoder3,0.0036800000816583633
s03_8k,12,reference_pool,0.06681600213050842
s03_8k,12,reference_project,0.006111999973654747
s03_8k,12,reference_resize,0.018079999834299088
s03_8k,12,tail_norm,0.00031999999191612005
s03_8k,12,tail_conv,0.10172799974679947
s03_8k,12,output_conv,0.21055999398231506
s03_8k,12,shuffle_stage0,0.02627200074493885
s03_8k,12,shuffle_stage1,0.02831999957561493
s03_8k,13,input_rearrange,0.010143999941647053
s03_8k,13,head_conv,0.050016000866889954
s03_8k,13,body0_norm,0.001247999956831336
s03_8k,13,body0_conv,0.10041599720716476
s03_8k,13,body0_activation,0.012128000147640705
s03_8k,13,body1_norm,0.001247999956831336
s03_8k,13,body1_conv,0.10172799974679947
s03_8k,13,body1_activation,0.011872000060975552
s03_8k,13,body2_norm,0.0011520000407472253
s03_8k,13,body2_conv,0.09788800030946732
s03_8k,13,body2_activation,0.011872000060975552
s03_8k,13,body3_norm,0.0015040000434964895
s03_8k,13,body3_conv,0.09830400347709656
s03_8k,13,body3_activation,0.010367999784648418
s03_8k,13,thumbnail_pool,0.03200000151991844
s03_8k,13,reference_encoder0,0.005247999913990498
s03_8k,13,reference_encoder1,0.0035840000491589308
s03_8k,13,reference_encoder2,0.01244799979031086
s03_8k,13,reference_encoder3,0.0038079998921602964
s03_8k,13,reference_pool,0.06659200042486191
s03_8k,13,reference_project,0.006144000217318535
s03_8k,13,reference_resize,0.018079999834299088
s03_8k,13,tail_norm,0.00031999999191612005
s03_8k,13,tail_conv,0.10175999999046326
s03_8k,13,output_conv,0.21055999398231506
s03_8k,13,shuffle_stage0,0.02627200074493885
s03_8k,13,shuffle_stage1,0.02627200074493885
s03_8k,14,input_rearrange,0.008448000065982342
s03_8k,14,head_conv,0.04995200037956238
s03_8k,14,body0_norm,0.0013760000001639128
s03_8k,14,body0_conv,0.10038399696350098
s03_8k,14,body0_activation,0.01190400030463934
s03_8k,14,body1_norm,0.001247999956831336
s03_8k,14,body1_conv,0.10195200145244598
s03_8k,14,body1_activation,0.011680000461637974
s03_8k,14,body2_norm,0.0013760000001639128
s03_8k,14,body2_conv,0.09782399982213974
s03_8k,14,body2_activation,0.011935999616980553
s03_8k,14,body3_norm,0.0013119999784976244
s03_8k,14,body3_conv,0.09833600372076035
s03_8k,14,body3_activation,0.010463999584317207
s03_8k,14,thumbnail_pool,0.03187200054526329
s03_8k,14,reference_encoder0,0.005375999957323074
s03_8k,14,reference_encoder1,0.003648000070825219
s03_8k,14,reference_encoder2,0.012480000033974648
s03_8k,14,reference_encoder3,0.0035840000491589308
s03_8k,14,reference_pool,0.06678400188684464
s03_8k,14,reference_project,0.006144000217318535
s03_8k,14,reference_resize,0.0180479995906353
s03_8k,14,tail_norm,0.00031999999191612005
s03_8k,14,tail_conv,0.10172799974679947
s03_8k,14,output_conv,0.2126079946756363
s03_8k,14,shuffle_stage0,0.02627200074493885
s03_8k,14,shuffle_stage1,0.02627200074493885
s03_8k,15,input_rearrange,0.007552000228315592
s03_8k,15,head_conv,0.0498879998922348
s03_8k,15,body0_norm,0.0013119999784976244
s03_8k,15,body0_conv,0.10035199671983719
s03_8k,15,body0_activation,0.011776000261306763
s03_8k,15,body1_norm,0.0012159999459981918
s03_8k,15,body1_conv,0.10198400169610977
s03_8k,15,body1_activation,0.01196799986064434
s03_8k,15,body2_norm,0.0011520000407472253
s03_8k,15,body2_conv,0.0979200005531311
s03_8k,15,body2_activation,0.011648000217974186
s03_8k,15,body3_norm,0.0013760000001639128
s03_8k,15,body3_conv,0.09824000298976898
s03_8k,15,body3_activation,0.010623999871313572
s03_8k,15,thumbnail_pool,0.03187200054526329
s03_8k,15,reference_encoder0,0.004991999827325344
s03_8k,15,reference_encoder1,0.003776000114157796
s03_8k,15,reference_encoder2,0.012575999833643436
s03_8k,15,reference_encoder3,0.003488000016659498
s03_8k,15,reference_pool,0.06678400188684464
s03_8k,15,reference_project,0.006144000217318535
s03_8k,15,reference_resize,0.018079999834299088
s03_8k,15,tail_norm,0.00031999999191612005
s03_8k,15,tail_conv,0.10172799974679947
s03_8k,15,output_conv,0.2125760018825531
s03_8k,15,shuffle_stage0,0.02630399912595749
s03_8k,15,shuffle_stage1,0.02627200074493885
s03_8k,16,input_rearrange,0.007455999962985516
s03_8k,16,head_conv,0.05004800111055374
s03_8k,16,body0_norm,0.001408000010997057
s03_8k,16,body0_conv,0.10047999769449234
s03_8k,16,body0_activation,0.01196799986064434
s03_8k,16,body1_norm,0.0012799999676644802
s03_8k,16,body1_conv,0.10175999999046326
s03_8k,16,body1_activation,0.01196799986064434
s03_8k,16,body2_norm,0.0014400000218302011
s03_8k,16,body2_conv,0.09775999933481216
s03_8k,16,body2_activation,0.012000000104308128
s03_8k,16,body3_norm,0.0015360000543296337
s03_8k,16,body3_conv,0.10000000149011612
s03_8k,16,body3_activation,0.01065600011497736
s03_8k,16,thumbnail_pool,0.03200000151991844
s03_8k,16,reference_encoder0,0.00508800009265542
s03_8k,16,reference_encoder1,0.0035520000383257866
s03_8k,16,reference_encoder2,0.012671999633312225
s03_8k,16,reference_encoder3,0.0037440001033246517
s03_8k,16,reference_pool,0.0666240006685257
s03_8k,16,reference_project,0.006144000217318535
s03_8k,16,reference_resize,0.018112000077962875
s03_8k,16,tail_norm,0.00031999999191612005
s03_8k,16,tail_conv,0.09967999905347824
s03_8k,16,output_conv,0.2126079946756363
s03_8k,16,shuffle_stage0,0.02627200074493885
s03_8k,16,shuffle_stage1,0.02627200074493885
s03_8k,17,input_rearrange,0.008287999778985977
s03_8k,17,head_conv,0.04975999891757965
s03_8k,17,body0_norm,0.0013119999784976244
s03_8k,17,body0_conv,0.10249599814414978
s03_8k,17,body0_activation,0.01196799986064434
s03_8k,17,body1_norm,0.0011840000515803695
s03_8k,17,body1_conv,0.10393600165843964
s03_8k,17,body1_activation,0.011935999616980553
s03_8k,17,body2_norm,0.001247999956831336
s03_8k,17,body2_conv,0.09993600100278854
s03_8k,17,body2_activation,0.012000000104308128
s03_8k,17,body3_norm,0.0013119999784976244
s03_8k,17,body3_conv,0.1003199964761734
s03_8k,17,body3_activation,0.01104000024497509
s03_8k,17,thumbnail_pool,0.031968001276254654
s03_8k,17,reference_encoder0,0.005311999935656786
s03_8k,17,reference_encoder1,0.003616000059992075
s03_8k,17,reference_encoder2,0.012640000320971012
s03_8k,17,reference_encoder3,0.003967999946326017
s03_8k,17,reference_pool,0.06659200042486191
s03_8k,17,reference_project,0.006144000217318535
s03_8k,17,reference_resize,0.018079999834299088
s03_8k,17,tail_norm,0.00031999999191612005
s03_8k,17,tail_conv,0.10172799974679947
s03_8k,17,output_conv,0.21055999398231506
s03_8k,17,shuffle_stage0,0.02627200074493885
s03_8k,17,shuffle_stage1,0.02627200074493885
s03_8k,18,input_rearrange,0.009472000412642956
s03_8k,18,head_conv,0.050144001841545105
s03_8k,18,body0_norm,0.001247999956831336
s03_8k,18,body0_conv,0.10051199793815613
s03_8k,18,body0_activation,0.011935999616980553
s03_8k,18,body1_norm,0.0011840000515803695
s03_8k,18,body1_conv,0.10182400047779083
s03_8k,18,body1_activation,0.01206399966031313
s03_8k,18,body2_norm,0.0012159999459981918
s03_8k,18,body2_conv,0.09785600006580353
s03_8k,18,body2_activation,0.011839999817311764
s03_8k,18,body3_norm,0.0013119999784976244
s03_8k,18,body3_conv,0.09833600372076035
s03_8k,18,body3_activation,0.01056000031530857
s03_8k,18,thumbnail_pool,0.0318400003015995
s03_8k,18,reference_encoder0,0.007040000054985285
s03_8k,18,reference_encoder1,0.003776000114157796
s03_8k,18,reference_encoder2,0.012160000391304493
s03_8k,18,reference_encoder3,0.003648000070825219
s03_8k,18,reference_pool,0.06678400188684464
s03_8k,18,reference_project,0.006144000217318535
s03_8k,18,reference_resize,0.018079999834299088
s03_8k,18,tail_norm,0.00031999999191612005
s03_8k,18,tail_conv,0.10175999999046326
s03_8k,18,output_conv,0.2126079946756363
s03_8k,18,shuffle_stage0,0.02627200074493885
s03_8k,18,shuffle_stage1,0.026240000501275063
s03_8k,19,input_rearrange,0.009312000125646591
s03_8k,19,head_conv,0.04972799867391586
s03_8k,19,body0_norm,0.0014400000218302011
s03_8k,19,body0_conv,0.10019200295209885
s03_8k,19,body0_activation,0.012032000347971916
s03_8k,19,body1_norm,0.0012159999459981918
s03_8k,19,body1_conv,0.10179200023412704
s03_8k,19,body1_activation,0.01196799986064434
s03_8k,19,body2_norm,0.0013760000001639128
s03_8k,19,body2_conv,0.09779199957847595
s03_8k,19,body2_activation,0.01196799986064434
s03_8k,19,body3_norm,0.001567999948747456
s03_8k,19,body3_conv,0.09804800152778625
s03_8k,19,body3_activation,0.01065600011497736
s03_8k,19,thumbnail_pool,0.0318400003015995
s03_8k,19,reference_encoder0,0.0050559998489916325
s03_8k,19,reference_encoder1,0.003776000114157796
s03_8k,19,reference_encoder2,0.012608000077307224
s03_8k,19,reference_encoder3,0.003936000168323517
s03_8k,19,reference_pool,0.06665600091218948
s03_8k,19,reference_project,0.006111999973654747
s03_8k,19,reference_resize,0.018112000077962875
s03_8k,19,tail_norm,0.00031999999191612005
s03_8k,19,tail_conv,0.10172799974679947
s03_8k,19,output_conv,0.2126079946756363
s03_8k,19,shuffle_stage0,0.02627200074493885
s03_8k,19,shuffle_stage1,0.02627200074493885
s03_best,0,input_rearrange,0.008191999979317188
s03_best,0,head_conv,0.052000001072883606
s03_best,0,body0_norm,0.001247999956831336
s03_best,0,body0_conv,0.10054399818181992
s03_best,0,body0_activation,0.011103999800980091
s03_best,0,body1_norm,0.00038400001358240843
s03_best,0,body1_conv,0.10326399654150009
s03_best,0,body1_activation,0.01196799986064434
s03_best,0,body2_norm,0.001408000010997057
s03_best,0,body2_conv,0.0976639986038208
s03_best,0,body2_activation,0.011872000060975552
s03_best,0,body3_norm,0.0013119999784976244
s03_best,0,body3_conv,0.09830400347709656
s03_best,0,body3_activation,0.01065600011497736
s03_best,0,thumbnail_pool,0.03190400078892708
s03_best,0,reference_encoder0,0.005024000070989132
s03_best,0,reference_encoder1,0.0038079998921602964
s03_best,0,reference_encoder2,0.010528000071644783
s03_best,0,reference_encoder3,0.003648000070825219
s03_best,0,reference_pool,0.06678400188684464
s03_best,0,reference_project,0.006144000217318535
s03_best,0,reference_resize,0.0180479995906353
s03_best,0,tail_norm,0.00031999999191612005
s03_best,0,tail_conv,0.10172799974679947
s03_best,0,output_conv,0.2126079946756363
s03_best,0,shuffle_stage0,0.02627200074493885
s03_best,0,shuffle_stage1,0.02627200074493885
s03_best,1,input_rearrange,0.010048000141978264
s03_best,1,head_conv,0.050016000866889954
s03_best,1,body0_norm,0.001247999956831336
s03_best,1,body0_conv,0.10255999863147736
s03_best,1,body0_activation,0.012032000347971916
s03_best,1,body1_norm,0.0012799999676644802
s03_best,1,body1_conv,0.10175999999046326
s03_best,1,body1_activation,0.011807999573647976
s03_best,1,body2_norm,0.0011840000515803695
s03_best,1,body2_conv,0.09795200079679489
s03_best,1,body2_activation,0.01196799986064434
s03_best,1,body3_norm,0.0012159999459981918
s03_best,1,body3_conv,0.09862399846315384
s03_best,1,body3_activation,0.010400000028312206
s03_best,1,thumbnail_pool,0.03200000151991844
s03_best,1,reference_encoder0,0.005280000157654285
s03_best,1,reference_encoder1,0.003616000059992075
s03_best,1,reference_encoder2,0.010623999871313572
s03_best,1,reference_encoder3,0.003776000114157796
s03_best,1,reference_pool,0.06675200164318085
s03_best,1,reference_project,0.006144000217318535
s03_best,1,reference_resize,0.018079999834299088
s03_best,1,tail_norm,0.00035200000274926424
s03_best,1,tail_conv,0.10172799974679947
s03_best,1,output_conv,0.2126079946756363
s03_best,1,shuffle_stage0,0.02627200074493885
s03_best,1,shuffle_stage1,0.02627200074493885
s03_best,2,input_rearrange,0.00979200005531311
s03_best,2,head_conv,0.04966399818658829
s03_best,2,body0_norm,0.0012159999459981918
s03_best,2,body0_conv,0.10063999891281128
s03_best,2,body0_activation,0.011711999773979187
s03_best,2,body1_norm,0.001247999956831336
s03_best,2,body1_conv,0.10195200145244598
s03_best,2,body1_activation,0.012128000147640705
s03_best,2,body2_norm,0.0012159999459981918
s03_best,2,body2_conv,0.09769599884748459
s03_best,2,body2_activation,0.01196799986064434
s03_best,2,body3_norm,0.0011840000515803695
s03_best,2,body3_conv,0.09852799773216248
s03_best,2,body3_activation,0.010591999627649784
s03_best,2,thumbnail_pool,0.03200000151991844
s03_best,2,reference_encoder0,0.00684799998998642
s03_best,2,reference_encoder1,0.003648000070825219
s03_best,2,reference_encoder2,0.012703999876976013
s03_best,2,reference_encoder3,0.003776000114157796
s03_best,2,reference_pool,0.06678400188684464
s03_best,2,reference_project,0.006144000217318535
s03_best,2,reference_resize,0.018079999834299088
s03_best,2,tail_norm,0.00031999999191612005
s03_best,2,tail_conv,0.10172799974679947
s03_best,2,output_conv,0.2126079946756363
s03_best,2,shuffle_stage0,0.02831999957561493
s03_best,2,shuffle_stage1,0.02627200074493885
s03_best,3,input_rearrange,0.008224000222980976
s03_best,3,head_conv,0.04992000013589859
s03_best,3,body0_norm,0.0013439999893307686
s03_best,3,body0_conv,0.10060799866914749
s03_best,3,body0_activation,0.01158399973064661
s03_best,3,body1_norm,0.0011840000515803695
s03_best,3,body1_conv,0.104032002389431
s03_best,3,body1_activation,0.012000000104308128
s03_best,3,body2_norm,0.0012159999459981918
s03_best,3,body2_conv,0.09756799787282944
s03_best,3,body2_activation,0.011839999817311764
s03_best,3,body3_norm,0.0011840000515803695
s03_best,3,body3_conv,0.09843199700117111
s03_best,3,body3_activation,0.010688000358641148
s03_best,3,thumbnail_pool,0.031808000057935715
s03_best,3,reference_encoder0,0.006943999789655209
s03_best,3,reference_encoder1,0.0038079998921602964
s03_best,3,reference_encoder2,0.012608000077307224
s03_best,3,reference_encoder3,0.0036800000816583633
s03_best,3,reference_pool,0.06668800115585327
s03_best,3,reference_project,0.006144000217318535
s03_best,3,reference_resize,0.018079999834299088
s03_best,3,tail_norm,0.00031999999191612005
s03_best,3,tail_conv,0.10172799974679947
s03_best,3,output_conv,0.2126079946756363
s03_best,3,shuffle_stage0,0.02627200074493885
s03_best,3,shuffle_stage1,0.02627200074493885
s03_best,4,input_rearrange,0.007968000136315823
s03_best,4,head_conv,0.0514880008995533
s03_best,4,body0_norm,0.001247999956831336
s03_best,4,body0_conv,0.10246399790048599
s03_best,4,body0_activation,0.01206399966031313
s03_best,4,body1_norm,0.001247999956831336
s03_best,4,body1_conv,0.10179200023412704
s03_best,4,body1_activation,0.01196799986064434
s03_best,4,body2_norm,0.0012159999459981918
s03_best,4,body2_conv,0.09795200079679489
s03_best,4,body2_activation,0.012160000391304493
s03_best,4,body3_norm,0.0012159999459981918
s03_best,4,body3_conv,0.0981760025024414
s03_best,4,body3_activation,0.01065600011497736
s03_best,4,thumbnail_pool,0.03203200176358223
s03_best,4,reference_encoder0,0.005247999913990498
s03_best,4,reference_encoder1,0.00342399999499321
s03_best,4,reference_encoder2,0.012575999833643436
s03_best,4,reference_encoder3,0.0037440001033246517
s03_best,4,reference_pool,0.0666240006685257
s03_best,4,reference_project,0.006144000217318535
s03_best,4,reference_resize,0.0180479995906353
s03_best,4,tail_norm,0.00031999999191612005
s03_best,4,tail_conv,0.10175999999046326
s03_best,4,output_conv,0.21465599536895752
s03_best,4,shuffle_stage0,0.026240000501275063
s03_best,4,shuffle_stage1,0.028351999819278717
s03_best,5,input_rearrange,0.00825599953532219
s03_best,5,head_conv,0.049536000937223434
s03_best,5,body0_norm,0.001408000010997057
s03_best,5,body0_conv,0.10233599692583084
s03_best,5,body0_activation,0.012223999947309494
s03_best,5,body1_norm,0.0011840000515803695
s03_best,5,body1_conv,0.10374400019645691
s03_best,5,body1_activation,0.011711999773979187
s03_best,5,body2_norm,0.0011840000515803695
s03_best,5,body2_conv,0.09788800030946732
s03_best,5,body2_activation,0.01196799986064434
s03_best,5,body3_norm,0.0011520000407472253
s03_best,5,body3_conv,0.10044799745082855
s03_best,5,body3_activation,0.01065600011497736
s03_best,5,thumbnail_pool,0.03200000151991844
s03_best,5,reference_encoder0,0.005280000157654285
s03_best,5,reference_encoder1,0.0037120000924915075
s03_best,5,reference_encoder2,0.010688000358641148
s03_best,5,reference_encoder3,0.0036800000816583633
s03_best,5,reference_pool,0.06672000139951706
s03_best,5,reference_project,0.006144000217318535
s03_best,5,reference_resize,0.018079999834299088
s03_best,5,tail_norm,0.00031999999191612005
s03_best,5,tail_conv,0.10172799974679947
s03_best,5,output_conv,0.2125760018825531
s03_best,5,shuffle_stage0,0.02627200074493885
s03_best,5,shuffle_stage1,0.026240000501275063
s03_best,6,input_rearrange,0.007648000027984381
s03_best,6,head_conv,0.05011200159788132
s03_best,6,body0_norm,0.0012799999676644802
s03_best,6,body0_conv,0.10214400291442871
s03_best,6,body0_activation,0.01196799986064434
s03_best,6,body1_norm,0.0012159999459981918
s03_best,6,body1_conv,0.10384000092744827
s03_best,6,body1_activation,0.01196799986064434
s03_best,6,body2_norm,0.001247999956831336
s03_best,6,body2_conv,0.09993600100278854
s03_best,6,body2_activation,0.011711999773979187
s03_best,6,body3_norm,0.0011840000515803695
s03_best,6,body3_conv,0.10044799745082855
s03_best,6,body3_activation,0.010623999871313572
s03_best,6,thumbnail_pool,0.03190400078892708
s03_best,6,reference_encoder0,0.006816000211983919
s03_best,6,reference_encoder1,0.0037440001033246517
s03_best,6,reference_encoder2,0.012319999746978283
s03_best,6,reference_encoder3,0.0038399999029934406
s03_best,6,reference_pool,0.0666240006685257
s03_best,6,reference_project,0.006144000217318535
s03_best,6,reference_resize,0.0180479995906353
s03_best,6,tail_norm,0.00031999999191612005
s03_best,6,tail_conv,0.10380800068378448
s03_best,6,output_conv,0.21465599536895752
s03_best,6,shuffle_stage0,0.02627200074493885
s03_best,6,shuffle_stage1,0.02627200074493885
s03_best,7,input_rearrange,0.010208000428974628
s03_best,7,head_conv,0.04982399940490723
s03_best,7,body0_norm,0.0014400000218302011
s03_best,7,body0_conv,0.10012800246477127
s03_best,7,body0_activation,0.012095999903976917
s03_best,7,body1_norm,0.001247999956831336
s03_best,7,body1_conv,0.10175999999046326
s03_best,7,body1_activation,0.01190400030463934
s03_best,7,body2_norm,0.0012159999459981918
s03_best,7,body2_conv,0.09798400104045868
s03_best,7,body2_activation,0.012000000104308128
s03_best,7,body3_norm,0.0011840000515803695
s03_best,7,body3_conv,0.09855999797582626
s03_best,7,body3_activation,0.010591999627649784
s03_best,7,thumbnail_pool,0.03203200176358223
s03_best,7,reference_encoder0,0.00508800009265542
s03_best,7,reference_encoder1,0.003648000070825219
s03_best,7,reference_encoder2,0.012703999876976013
s03_best,7,reference_encoder3,0.0038079998921602964
s03_best,7,reference_pool,0.06656000018119812
s03_best,7,reference_project,0.006175999995321035
s03_best,7,reference_resize,0.018079999834299088
s03_best,7,tail_norm,0.00031999999191612005
s03_best,7,tail_conv,0.10172799974679947
s03_best,7,output_conv,0.2126079946756363
s03_best,7,shuffle_stage0,0.026240000501275063
s03_best,7,shuffle_stage1,0.02627200074493885
s03_best,8,input_rearrange,0.009600000455975533
s03_best,8,head_conv,0.05011200159788132
s03_best,8,body0_norm,0.001408000010997057
s03_best,8,body0_conv,0.10451199859380722
s03_best,8,body0_activation,0.01196799986064434
s03_best,8,body1_norm,0.0012159999459981918
s03_best,8,body1_conv,0.10387200117111206
s03_best,8,body1_activation,0.011776000261306763
s03_best,8,body2_norm,0.0011840000515803695
s03_best,8,body2_conv,0.10003200173377991
s03_best,8,body2_activation,0.01196799986064434
s03_best,8,body3_norm,0.0011520000407472253
s03_best,8,body3_conv,0.10044799745082855
s03_best,8,body3_activation,0.010495999827980995
s03_best,8,thumbnail_pool,0.03200000151991844
s03_best,8,reference_encoder0,0.005216000135987997
s03_best,8,reference_encoder1,0.0036800000816583633
s03_best,8,reference_encoder2,0.012543999589979649
s03_best,8,reference_encoder3,0.0038079998921602964
s03_best,8,reference_pool,0.06665600091218948
s03_best,8,reference_project,0.006144000217318535
s03_best,8,reference_resize,0.018079999834299088
s03_best,8,tail_norm,0.00031999999191612005
s03_best,8,tail_conv,0.09967999905347824
s03_best,8,output_conv,0.2125760018825531
s03_best,8,shuffle_stage0,0.02627200074493885
s03_best,8,shuffle_stage1,0.02627200074493885
s03_best,9,input_rearrange,0.008031999692320824
s03_best,9,head_conv,0.049984000623226166
s03_best,9,body0_norm,0.0013119999784976244
s03_best,9,body0_conv,0.10035199671983719
s03_best,9,body0_activation,0.01152000017464161
s03_best,9,body1_norm,0.0011520000407472253
s03_best,9,body1_conv,0.10198400169610977
s03_best,9,body1_activation,0.01196799986064434
s03_best,9,body2_norm,0.0011840000515803695
s03_best,9,body2_conv,0.09788800030946732
s03_best,9,body2_activation,0.011776000261306763
s03_best,9,body3_norm,0.0013439999893307686
s03_best,9,body3_conv,0.1003199964761734
s03_best,9,body3_activation,0.010688000358641148
s03_best,9,thumbnail_pool,0.03167999908328056
s03_best,9,reference_encoder0,0.0049600000493228436
s03_best,9,reference_encoder1,0.0038079998921602964
s03_best,9,reference_encoder2,0.01056000031530857
s03_best,9,reference_encoder3,0.003648000070825219
s03_best,9,reference_pool,0.06678400188684464
s03_best,9,reference_project,0.006144000217318535
s03_best,9,reference_resize,0.018079999834299088
s03_best,9,tail_norm,0.00031999999191612005
s03_best,9,tail_conv,0.10172799974679947
s03_best,9,output_conv,0.21465599536895752
s03_best,9,shuffle_stage0,0.02627200074493885
s03_best,9,shuffle_stage1,0.02627200074493885
s03_best,10,input_rearrange,0.009440000168979168
s03_best,10,head_conv,0.04982399940490723
s03_best,10,body0_norm,0.0012799999676644802
s03_best,10,body0_conv,0.10259199887514114
s03_best,10,body0_activation,0.011839999817311764
s03_best,10,body1_norm,0.0011520000407472253
s03_best,10,body1_conv,0.10201600193977356
s03_best,10,body1_activation,0.012000000104308128
s03_best,10,body2_norm,0.0013439999893307686
s03_best,10,body2_conv,0.09782399982213974
s03_best,10,body2_activation,0.011872000060975552
s03_best,10,body3_norm,0.0012159999459981918
s03_best,10,body3_conv,0.09839999675750732
s03_best,10,body3_activation,0.010688000358641148
s03_best,10,thumbnail_pool,0.03187200054526329
s03_best,10,reference_encoder0,0.005375999957323074
s03_best,10,reference_encoder1,0.003776000114157796
s03_best,10,reference_encoder2,0.01027199998497963
s03_best,10,reference_encoder3,0.003936000168323517
s03_best,10,reference_pool,0.06665600091218948
s03_best,10,reference_project,0.006144000217318535
s03_best,10,reference_resize,0.0180479995906353
s03_best,10,tail_norm,0.00035200000274926424
s03_best,10,tail_conv,0.10172799974679947
s03_best,10,output_conv,0.2126079946756363
s03_best,10,shuffle_stage0,0.02627200074493885
s03_best,10,shuffle_stage1,0.02627200074493885
s03_best,11,input_rearrange,0.008063999935984612
s03_best,11,head_conv,0.04975999891757965
s03_best,11,body0_norm,0.0013760000001639128
s03_best,11,body0_conv,0.10035199671983719
s03_best,11,body0_activation,0.012191999703645706
s03_best,11,body1_norm,0.0013119999784976244
s03_best,11,body1_conv,0.10159999877214432
s03_best,11,body1_activation,0.011839999817311764
s03_best,11,body2_norm,0.0011520000407472253
s03_best,11,body2_conv,0.09798400104045868
s03_best,11,body2_activation,0.012000000104308128
s03_best,11,body3_norm,0.0011520000407472253
s03_best,11,body3_conv,0.0982080027461052
s03_best,11,body3_activation,0.010688000358641148
s03_best,11,thumbnail_pool,0.03200000151991844
s03_best,11,reference_encoder0,0.005247999913990498
s03_best,11,reference_encoder1,0.003616000059992075
s03_best,11,reference_encoder2,0.012671999633312225
s03_best,11,reference_encoder3,0.0037120000924915075
s03_best,11,reference_pool,0.06672000139951706
s03_best,11,reference_project,0.006144000217318535
s03_best,11,reference_resize,0.0180479995906353
s03_best,11,tail_norm,0.00031999999191612005
s03_best,11,tail_conv,0.10175999999046326
s03_best,11,output_conv,0.2126079946756363
s03_best,11,shuffle_stage0,0.02627200074493885
s03_best,11,shuffle_stage1,0.02627200074493885
s03_best,12,input_rearrange,0.009600000455975533
s03_best,12,head_conv,0.050175998359918594
s03_best,12,body0_norm,0.001247999956831336
s03_best,12,body0_conv,0.10236799716949463
s03_best,12,body0_activation,0.01190400030463934
s03_best,12,body1_norm,0.0011520000407472253
s03_best,12,body1_conv,0.10201600193977356
s03_best,12,body1_activation,0.012128000147640705
s03_best,12,body2_norm,0.0015040000434964895
s03_best,12,body2_conv,0.09958399832248688
s03_best,12,body2_activation,0.01190400030463934
s03_best,12,body3_norm,0.001567999948747456
s03_best,12,body3_conv,0.09804800152778625
s03_best,12,body3_activation,0.010495999827980995
s03_best,12,thumbnail_pool,0.03187200054526329
s03_best,12,reference_encoder0,0.005024000070989132
s03_best,12,reference_encoder1,0.0038079998921602964
s03_best,12,reference_encoder2,0.012575999833643436
s03_best,12,reference_encoder3,0.003648000070825219
s03_best,12,reference_pool,0.06678400188684464
s03_best,12,reference_project,0.006144000217318535
s03_best,12,reference_resize,0.018079999834299088
s03_best,12,tail_norm,0.00031999999191612005
s03_best,12,tail_conv,0.10172799974679947
s03_best,12,output_conv,0.21465599536895752
s03_best,12,shuffle_stage0,0.02627200074493885
s03_best,12,shuffle_stage1,0.026240000501275063
s03_best,13,input_rearrange,0.008063999935984612
s03_best,13,head_conv,0.049984000623226166
s03_best,13,body0_norm,0.0013439999893307686
s03_best,13,body0_conv,0.10249599814414978
s03_best,13,body0_activation,0.011839999817311764
s03_best,13,body1_norm,0.0011520000407472253
s03_best,13,body1_conv,0.10406400263309479
s03_best,13,body1_activation,0.012000000104308128
s03_best,13,body2_norm,0.0011520000407472253
s03_best,13,body2_conv,0.09795200079679489
s03_best,13,body2_activation,0.011744000017642975
s03_best,13,body3_norm,0.0012159999459981918
s03_best,13,body3_conv,0.09843199700117111
s03_best,13,body3_activation,0.010528000071644783
s03_best,13,thumbnail_pool,0.03190400078892708
s03_best,13,reference_encoder0,0.005024000070989132
s03_best,13,reference_encoder1,0.003616000059992075
s03_best,13,reference_encoder2,0.010623999871313572
s03_best,13,reference_encoder3,0.0035840000491589308
s03_best,13,reference_pool,0.06678400188684464
s03_best,13,reference_project,0.006144000217318535
s03_best,13,reference_resize,0.018079999834299088
s03_best,13,tail_norm,0.00035200000274926424
s03_best,13,tail_conv,0.10172799974679947
s03_best,13,output_conv,0.21465599536895752
s03_best,13,shuffle_stage0,0.02627200074493885
s03_best,13,shuffle_stage1,0.02627200074493885
s03_best,14,input_rearrange,0.008063999935984612
s03_best,14,head_conv,0.04960000142455101
s03_best,14,body0_norm,0.0015360000543296337
s03_best,14,body0_conv,0.10000000149011612
s03_best,14,body0_activation,0.012160000391304493
s03_best,14,body1_norm,0.0011840000515803695
s03_best,14,body1_conv,0.10175999999046326
s03_best,14,body1_activation,0.011807999573647976
s03_best,14,body2_norm,0.0011840000515803695
s03_best,14,body2_conv,0.09798400104045868
s03_best,14,body2_activation,0.01196799986064434
s03_best,14,body3_norm,0.0012159999459981918
s03_best,14,body3_conv,0.09836799651384354
s03_best,14,body3_activation,0.01065600011497736
s03_best,14,thumbnail_pool,0.03203200176358223
s03_best,14,reference_encoder0,0.005024000070989132
s03_best,14,reference_encoder1,0.0035200000274926424
s03_best,14,reference_encoder2,0.010688000358641148
s03_best,14,reference_encoder3,0.0038079998921602964
s03_best,14,reference_pool,0.06675200164318085
s03_best,14,reference_project,0.006144000217318535
s03_best,14,reference_resize,0.018079999834299088
s03_best,14,tail_norm,0.00031999999191612005
s03_best,14,tail_conv,0.09967999905347824
s03_best,14,output_conv,0.21465599536895752
s03_best,14,shuffle_stage0,0.02627200074493885
s03_best,14,shuffle_stage1,0.02627200074493885
s03_best,15,input_rearrange,0.008224000222980976
s03_best,15,head_conv,0.04995200037956238
s03_best,15,body0_norm,0.001247999956831336
s03_best,15,body0_conv,0.10233599692583084
s03_best,15,body0_activation,0.012000000104308128
s03_best,15,body1_norm,0.0012159999459981918
s03_best,15,body1_conv,0.10188800096511841
s03_best,15,body1_activation,0.012000000104308128
s03_best,15,body2_norm,0.001247999956831336
s03_best,15,body2_conv,0.10000000149011612
s03_best,15,body2_activation,0.01196799986064434
s03_best,15,body3_norm,0.0011520000407472253
s03_best,15,body3_conv,0.0984639972448349
s03_best,15,body3_activation,0.010688000358641148
s03_best,15,thumbnail_pool,0.03200000151991844
s03_best,15,reference_encoder0,0.005375999957323074
s03_best,15,reference_encoder1,0.003967999946326017
s03_best,15,reference_encoder2,0.012384000234305859
s03_best,15,reference_encoder3,0.0038079998921602964
s03_best,15,reference_pool,0.06678400188684464
s03_best,15,reference_project,0.006144000217318535
s03_best,15,reference_resize,0.018079999834299088
s03_best,15,tail_norm,0.00031999999191612005
s03_best,15,tail_conv,0.10172799974679947
s03_best,15,output_conv,0.2126079946756363
s03_best,15,shuffle_stage0,0.02627200074493885
s03_best,15,shuffle_stage1,0.02627200074493885
s03_best,16,input_rearrange,0.009600000455975533
s03_best,16,head_conv,0.049984000623226166
s03_best,16,body0_norm,0.0015360000543296337
s03_best,16,body0_conv,0.10022400319576263
s03_best,16,body0_activation,0.01190400030463934
s03_best,16,body1_norm,0.0011840000515803695
s03_best,16,body1_conv,0.10195200145244598
s03_best,16,body1_activation,0.012000000104308128
s03_best,16,body2_norm,0.0014720000326633453
s03_best,16,body2_conv,0.0976639986038208
s03_best,16,body2_activation,0.011839999817311764
s03_best,16,body3_norm,0.0011840000515803695
s03_best,16,body3_conv,0.09843199700117111
s03_best,16,body3_activation,0.01056000031530857
s03_best,16,thumbnail_pool,0.03187200054526329
s03_best,16,reference_encoder0,0.005375999957323074
s03_best,16,reference_encoder1,0.003776000114157796
s03_best,16,reference_encoder2,0.01056000031530857
s03_best,16,reference_encoder3,0.003616000059992075
s03_best,16,reference_pool,0.06681600213050842
s03_best,16,reference_project,0.006144000217318535
s03_best,16,reference_resize,0.018079999834299088
s03_best,16,tail_norm,0.00031999999191612005
s03_best,16,tail_conv,0.10172799974679947
s03_best,16,output_conv,0.21465599536895752
s03_best,16,shuffle_stage0,0.02627200074493885
s03_best,16,shuffle_stage1,0.02627200074493885
s03_best,17,input_rearrange,0.009824000298976898
s03_best,17,head_conv,0.04960000142455101
s03_best,17,body0_norm,0.0012799999676644802
s03_best,17,body0_conv,0.10268799960613251
s03_best,17,body0_activation,0.011872000060975552
s03_best,17,body1_norm,0.0014400000218302011
s03_best,17,body1_conv,0.10367999970912933
s03_best,17,body1_activation,0.011839999817311764
s03_best,17,body2_norm,0.0012799999676644802
s03_best,17,body2_conv,0.09996800124645233
s03_best,17,body2_activation,0.012000000104308128
s03_best,17,body3_norm,0.0013119999784976244
s03_best,17,body3_conv,0.10041599720716476
s03_best,17,body3_activation,0.010400000028312206
s03_best,17,thumbnail_pool,0.03190400078892708
s03_best,17,reference_encoder0,0.005280000157654285
s03_best,17,reference_encoder1,0.003488000016659498
s03_best,17,reference_encoder2,0.01244799979031086
s03_best,17,reference_encoder3,0.0037120000924915075
s03_best,17,reference_pool,0.06672000139951706
s03_best,17,reference_project,0.006144000217318535
s03_best,17,reference_resize,0.018079999834299088
s03_best,17,tail_norm,0.00035200000274926424
s03_best,17,tail_conv,0.10172799974679947
s03_best,17,output_conv,0.2126079946756363
s03_best,17,shuffle_stage0,0.02627200074493885
s03_best,17,shuffle_stage1,0.026240000501275063
s03_best,18,input_rearrange,0.008031999692320824
s03_best,18,head_conv,0.049536000937223434
s03_best,18,body0_norm,0.0013119999784976244
s03_best,18,body0_conv,0.10044799745082855
s03_best,18,body0_activation,0.011935999616980553
s03_best,18,body1_norm,0.0011840000515803695
s03_best,18,body1_conv,0.10201600193977356
s03_best,18,body1_activation,0.01190400030463934
s03_best,18,body2_norm,0.0011520000407472253
s03_best,18,body2_conv,0.09798400104045868
s03_best,18,body2_activation,0.012032000347971916
s03_best,18,body3_norm,0.0011520000407472253
s03_best,18,body3_conv,0.09839999675750732
s03_best,18,body3_activation,0.011071999557316303
s03_best,18,thumbnail_pool,0.03187200054526329
s03_best,18,reference_encoder0,0.006976000033318996
s03_best,18,reference_encoder1,0.0036800000816583633
s03_best,18,reference_encoder2,0.01056000031530857
s03_best,18,reference_encoder3,0.0038079998921602964
s03_best,18,reference_pool,0.06678400188684464
s03_best,18,reference_project,0.006144000217318535
s03_best,18,reference_resize,0.018079999834299088
s03_best,18,tail_norm,0.00031999999191612005
s03_best,18,tail_conv,0.10172799974679947
s03_best,18,output_conv,0.21465599536895752
s03_best,18,shuffle_stage0,0.02627200074493885
s03_best,18,shuffle_stage1,0.02627200074493885
s03_best,19,input_rearrange,0.008224000222980976
s03_best,19,head_conv,0.04979199916124344
s03_best,19,body0_norm,0.0013439999893307686
s03_best,19,body0_conv,0.10038399696350098
s03_best,19,body0_activation,0.011776000261306763
s03_best,19,body1_norm,0.0012159999459981918
s03_best,19,body1_conv,0.10201600193977356
s03_best,19,body1_activation,0.01196799986064434
s03_best,19,body2_norm,0.0012159999459981918
s03_best,19,body2_conv,0.09785600006580353
s03_best,19,body2_activation,0.011776000261306763
s03_best,19,body3_norm,0.0011520000407472253
s03_best,19,body3_conv,0.09839999675750732
s03_best,19,body3_activation,0.010688000358641148
s03_best,19,thumbnail_pool,0.03190400078892708
s03_best,19,reference_encoder0,0.005311999935656786
s03_best,19,reference_encoder1,0.0036800000816583633
s03_best,19,reference_encoder2,0.012640000320971012
s03_best,19,reference_encoder3,0.0036800000816583633
s03_best,19,reference_pool,0.06678400188684464
s03_best,19,reference_project,0.006144000217318535
s03_best,19,reference_resize,0.018079999834299088
s03_best,19,tail_norm,0.00031999999191612005
s03_best,19,tail_conv,0.10172799974679947
s03_best,19,output_conv,0.2126079946756363
s03_best,19,shuffle_stage0,0.026240000501275063
s03_best,19,shuffle_stage1,0.02630399912595749
s03_last,0,input_rearrange,0.0080960001796484
s03_last,0,head_conv,0.050144001841545105
s03_last,0,body0_norm,0.0011520000407472253
s03_last,0,body0_conv,0.10073599964380264
s03_last,0,body0_activation,0.010912000201642513
s03_last,0,body1_norm,0.00035200000274926424
s03_last,0,body1_conv,0.10188800096511841
s03_last,0,body1_activation,0.01196799986064434
s03_last,0,body2_norm,0.0011520000407472253
s03_last,0,body2_conv,0.09801600128412247
s03_last,0,body2_activation,0.01190400030463934
s03_last,0,body3_norm,0.001408000010997057
s03_last,0,body3_conv,0.10019200295209885
s03_last,0,body3_activation,0.010688000358641148
s03_last,0,thumbnail_pool,0.0318400003015995
s03_last,0,reference_encoder0,0.005375999957323074
s03_last,0,reference_encoder1,0.003776000114157796
s03_last,0,reference_encoder2,0.012671999633312225
s03_last,0,reference_encoder3,0.0038079998921602964
s03_last,0,reference_pool,0.0666240006685257
s03_last,0,reference_project,0.006144000217318535
s03_last,0,reference_resize,0.018079999834299088
s03_last,0,tail_norm,0.00031999999191612005
s03_last,0,tail_conv,0.10172799974679947
s03_last,0,output_conv,0.21055999398231506
s03_last,0,shuffle_stage0,0.02627200074493885
s03_last,0,shuffle_stage1,0.02627200074493885
s03_last,1,input_rearrange,0.009696000255644321
s03_last,1,head_conv,0.04960000142455101
s03_last,1,body0_norm,0.0015360000543296337
s03_last,1,body0_conv,0.10224000364542007
s03_last,1,body0_activation,0.012000000104308128
s03_last,1,body1_norm,0.0012159999459981918
s03_last,1,body1_conv,0.10592000186443329
s03_last,1,body1_activation,0.011839999817311764
s03_last,1,body2_norm,0.0016319999704137444
s03_last,1,body2_conv,0.09743999689817429
s03_last,1,body2_activation,0.011935999616980553
s03_last,1,body3_norm,0.0013119999784976244
s03_last,1,body3_conv,0.10028800368309021
s03_last,1,body3_activation,0.01065600011497736
s03_last,1,thumbnail_pool,0.03200000151991844
s03_last,1,reference_encoder0,0.005280000157654285
s03_last,1,reference_encoder1,0.003648000070825219
s03_last,1,reference_encoder2,0.012640000320971012
s03_last,1,reference_encoder3,0.0038079998921602964
s03_last,1,reference_pool,0.06665600091218948
s03_last,1,reference_project,0.006144000217318535
s03_last,1,reference_resize,0.018079999834299088
s03_last,1,tail_norm,0.00031999999191612005
s03_last,1,tail_conv,0.10175999999046326
s03_last,1,output_conv,0.2126079946756363
s03_last,1,shuffle_stage0,0.02627200074493885
s03_last,1,shuffle_stage1,0.026240000501275063
s03_last,2,input_rearrange,0.007296000141650438
s03_last,2,head_conv,0.0498879998922348
s03_last,2,body0_norm,0.0013439999893307686
s03_last,2,body0_conv,0.10025600343942642
s03_last,2,body0_activation,0.01190400030463934
s03_last,2,body1_norm,0.0012159999459981918
s03_last,2,body1_conv,0.10198400169610977
s03_last,2,body1_activation,0.012095999903976917
s03_last,2,body2_norm,0.0013119999784976244
s03_last,2,body2_conv,0.09769599884748459
s03_last,2,body2_activation,0.011872000060975552
s03_last,2,body3_norm,0.0013760000001639128
s03_last,2,body3_conv,0.10025600343942642
s03_last,2,body3_activation,0.010495999827980995
s03_last,2,thumbnail_pool,0.031808000057935715
s03_last,2,reference_encoder0,0.005375999957323074
s03_last,2,reference_encoder1,0.0038079998921602964
s03_last,2,reference_encoder2,0.012512000277638435
s03_last,2,reference_encoder3,0.003616000059992075
s03_last,2,reference_pool,0.06672000139951706
s03_last,2,reference_project,0.006144000217318535
s03_last,2,reference_resize,0.018079999834299088
s03_last,2,tail_norm,0.00031999999191612005
s03_last,2,tail_conv,0.10172799974679947
s03_last,2,output_conv,0.2126079946756363
s03_last,2,shuffle_stage0,0.02627200074493885
s03_last,2,shuffle_stage1,0.02627200074493885
s03_last,3,input_rearrange,0.007968000136315823
s03_last,3,head_conv,0.04960000142455101
s03_last,3,body0_norm,0.0013119999784976244
s03_last,3,body0_conv,0.10249599814414978
s03_last,3,body0_activation,0.01190400030463934
s03_last,3,body1_norm,0.001567999948747456
s03_last,3,body1_conv,0.10355199873447418
s03_last,3,body1_activation,0.01190400030463934
s03_last,3,body2_norm,0.0012159999459981918
s03_last,3,body2_conv,0.09984000027179718
s03_last,3,body2_activation,0.011680000461637974
s03_last,3,body3_norm,0.0011840000515803695
s03_last,3,body3_conv,0.10041599720716476
s03_last,3,body3_activation,0.010623999871313572
s03_last,3,thumbnail_pool,0.0318400003015995
s03_last,3,reference_encoder0,0.004991999827325344
s03_last,3,reference_encoder1,0.0037120000924915075
s03_last,3,reference_encoder2,0.012480000033974648
s03_last,3,reference_encoder3,0.003648000070825219
s03_last,3,reference_pool,0.06678400188684464
s03_last,3,reference_project,0.006175999995321035
s03_last,3,reference_resize,0.018079999834299088
s03_last,3,tail_norm,0.00031999999191612005
s03_last,3,tail_conv,0.10172799974679947
s03_last,3,output_conv,0.21055999398231506
s03_last,3,shuffle_stage0,0.02627200074493885
s03_last,3,shuffle_stage1,0.02627200074493885
s03_last,4,input_rearrange,0.009952000342309475
s03_last,4,head_conv,0.04982399940490723
s03_last,4,body0_norm,0.0012799999676644802
s03_last,4,body0_conv,0.10041599720716476
s03_last,4,body0_activation,0.01206399966031313
s03_last,4,body1_norm,0.0012159999459981918
s03_last,4,body1_conv,0.10390400141477585
s03_last,4,body1_activation,0.01152000017464161
s03_last,4,body2_norm,0.0011840000515803695
s03_last,4,body2_conv,0.09798400104045868
s03_last,4,body2_activation,0.01196799986064434
s03_last,4,body3_norm,0.0012159999459981918
s03_last,4,body3_conv,0.09827200323343277
s03_last,4,body3_activation,0.01104000024497509
s03_last,4,thumbnail_pool,0.03203200176358223
s03_last,4,reference_encoder0,0.006816000211983919
s03_last,4,reference_encoder1,0.0036800000816583633
s03_last,4,reference_encoder2,0.012703999876976013
s03_last,4,reference_encoder3,0.0038079998921602964
s03_last,4,reference_pool,0.06672000139951706
s03_last,4,reference_project,0.006144000217318535
s03_last,4,reference_resize,0.018079999834299088
s03_last,4,tail_norm,0.00035200000274926424
s03_last,4,tail_conv,0.10172799974679947
s03_last,4,output_conv,0.21055999398231506
s03_last,4,shuffle_stage0,0.02627200074493885
s03_last,4,shuffle_stage1,0.02627200074493885
s03_last,5,input_rearrange,0.008352000266313553
s03_last,5,head_conv,0.04956800118088722
s03_last,5,body0_norm,0.001408000010997057
s03_last,5,body0_conv,0.10035199671983719
s03_last,5,body0_activation,0.011935999616980553
s03_last,5,body1_norm,0.0012159999459981918
s03_last,5,body1_conv,0.10195200145244598
s03_last,5,body1_activation,0.012000000104308128
s03_last,5,body2_norm,0.0013760000001639128
s03_last,5,body2_conv,0.09782399982213974
s03_last,5,body2_activation,0.011807999573647976
s03_last,5,body3_norm,0.001247999956831336
s03_last,5,body3_conv,0.09836799651384354
s03_last,5,body3_activation,0.010623999871313572
s03_last,5,thumbnail_pool,0.03200000151991844
s03_last,5,reference_encoder0,0.005311999935656786
s03_last,5,reference_encoder1,0.003967999946326017
s03_last,5,reference_encoder2,0.012480000033974648
s03_last,5,reference_encoder3,0.0038079998921602964
s03_last,5,reference_pool,0.06672000139951706
s03_last,5,reference_project,0.006144000217318535
s03_last,5,reference_resize,0.018079999834299088
s03_last,5,tail_norm,0.00031999999191612005
s03_last,5,tail_conv,0.10172799974679947
s03_last,5,output_conv,0.21055999398231506
s03_last,5,shuffle_stage0,0.02627200074493885
s03_last,5,shuffle_stage1,0.02627200074493885
s03_last,6,input_rearrange,0.0081599997356534
s03_last,6,head_conv,0.05164799839258194
s03_last,6,body0_norm,0.0013119999784976244
s03_last,6,body0_conv,0.10041599720716476
s03_last,6,body0_activation,0.011776000261306763
s03_last,6,body1_norm,0.0013119999784976244
s03_last,6,body1_conv,0.10185600072145462
s03_last,6,body1_activation,0.012000000104308128
s03_last,6,body2_norm,0.001247999956831336
s03_last,6,body2_conv,0.09759999811649323
s03_last,6,body2_activation,0.011872000060975552
s03_last,6,body3_norm,0.0012159999459981918
s03_last,6,body3_conv,0.09836799651384354
s03_last,6,body3_activation,0.010400000028312206
s03_last,6,thumbnail_pool,0.0318400003015995
s03_last,6,reference_encoder0,0.005247999913990498
s03_last,6,reference_encoder1,0.0038079998921602964
s03_last,6,reference_encoder2,0.012640000320971012
s03_last,6,reference_encoder3,0.003648000070825219
s03_last,6,reference_pool,0.06678400188684464
s03_last,6,reference_project,0.006144000217318535
s03_last,6,reference_resize,0.018079999834299088
s03_last,6,tail_norm,0.00031999999191612005
s03_last,6,tail_conv,0.10172799974679947
s03_last,6,output_conv,0.2126079946756363
s03_last,6,shuffle_stage0,0.02627200074493885
s03_last,6,shuffle_stage1,0.02831999957561493
s03_last,7,input_rearrange,0.009312000125646591
s03_last,7,head_conv,0.049695998430252075
s03_last,7,body0_norm,0.001728000002913177
s03_last,7,body0_conv,0.10003200173377991
s03_last,7,body0_activation,0.012032000347971916
s03_last,7,body1_norm,0.001247999956831336
s03_last,7,body1_conv,0.10182400047779083
s03_last,7,body1_activation,0.011744000017642975
s03_last,7,body2_norm,0.0014400000218302011
s03_last,7,body2_conv,0.09775999933481216
s03_last,7,body2_activation,0.012032000347971916
s03_last,7,body3_norm,0.0015040000434964895
s03_last,7,body3_conv,0.10009600222110748
s03_last,7,body3_activation,0.010463999584317207
s03_last,7,thumbnail_pool,0.031968001276254654
s03_last,7,reference_encoder0,0.005247999913990498
s03_last,7,reference_encoder1,0.0035840000491589308
s03_last,7,reference_encoder2,0.012543999589979649
s03_last,7,reference_encoder3,0.003776000114157796
s03_last,7,reference_pool,0.06675200164318085
s03_last,7,reference_project,0.006144000217318535
s03_last,7,reference_resize,0.0180479995906353
s03_last,7,tail_norm,0.00035200000274926424
s03_last,7,tail_conv,0.10172799974679947
s03_last,7,output_conv,0.2126079946756363
s03_last,7,shuffle_stage0,0.02627200074493885
s03_last,7,shuffle_stage1,0.02627200074493885
s03_last,8,input_rearrange,0.009312000125646591
s03_last,8,head_conv,0.05008000135421753
s03_last,8,body0_norm,0.0016959999920800328
s03_last,8,body0_conv,0.10211200267076492
s03_last,8,body0_activation,0.011807999573647976
s03_last,8,body1_norm,0.001247999956831336
s03_last,8,body1_conv,0.1019200012087822
s03_last,8,body1_activation,0.011839999817311764
s03_last,8,body2_norm,0.0014720000326633453
s03_last,8,body2_conv,0.09769599884748459
s03_last,8,body2_activation,0.012000000104308128
s03_last,8,body3_norm,0.0012159999459981918
s03_last,8,body3_conv,0.09836799651384354
s03_last,8,body3_activation,0.01065600011497736
s03_last,8,thumbnail_pool,0.031936001032590866
s03_last,8,reference_encoder0,0.006912000011652708
s03_last,8,reference_encoder1,0.003648000070825219
s03_last,8,reference_encoder2,0.012543999589979649
s03_last,8,reference_encoder3,0.0038079998921602964
s03_last,8,reference_pool,0.06675200164318085
s03_last,8,reference_project,0.006144000217318535
s03_last,8,reference_resize,0.018079999834299088
s03_last,8,tail_norm,0.00031999999191612005
s03_last,8,tail_conv,0.10172799974679947
s03_last,8,output_conv,0.21052800118923187
s03_last,8,shuffle_stage0,0.02627200074493885
s03_last,8,shuffle_stage1,0.02627200074493885
s03_last,9,input_rearrange,0.008608000352978706
s03_last,9,head_conv,0.049984000623226166
s03_last,9,body0_norm,0.0013119999784976244
s03_last,9,body0_conv,0.10019200295209885
s03_last,9,body0_activation,0.011776000261306763
s03_last,9,body1_norm,0.0012159999459981918
s03_last,9,body1_conv,0.1019200012087822
s03_last,9,body1_activation,0.01206399966031313
s03_last,9,body2_norm,0.0015360000543296337
s03_last,9,body2_conv,0.09750399738550186
s03_last,9,body2_activation,0.01190400030463934
s03_last,9,body3_norm,0.0011520000407472253
s03_last,9,body3_conv,0.09836799651384354
s03_last,9,body3_activation,0.010400000028312206
s03_last,9,thumbnail_pool,0.03177599981427193
s03_last,9,reference_encoder0,0.005375999957323074
s03_last,9,reference_encoder1,0.003648000070825219
s03_last,9,reference_encoder2,0.012543999589979649
s03_last,9,reference_encoder3,0.003616000059992075
s03_last,9,reference_pool,0.06678400188684464
s03_last,9,reference_project,0.006144000217318535
s03_last,9,reference_resize,0.0180479995906353
s03_last,9,tail_norm,0.00031999999191612005
s03_last,9,tail_conv,0.10172799974679947
s03_last,9,output_conv,0.21465599536895752
s03_last,9,shuffle_stage0,0.026240000501275063
s03_last,9,shuffle_stage1,0.02627200074493885
s03_last,10,input_rearrange,0.009472000412642956
s03_last,10,head_conv,0.0496320016682148
s03_last,10,body0_norm,0.001247999956831336
s03_last,10,body0_conv,0.1024319976568222
s03_last,10,body0_activation,0.012191999703645706
s03_last,10,body1_norm,0.0013439999893307686
s03_last,10,body1_conv,0.10156799852848053
s03_last,10,body1_activation,0.012000000104308128
s03_last,10,body2_norm,0.0011840000515803695
s03_last,10,body2_conv,0.09795200079679489
s03_last,10,body2_activation,0.012095999903976917
s03_last,10,body3_norm,0.0011840000515803695
s03_last,10,body3_conv,0.09827200323343277
s03_last,10,body3_activation,0.01065600011497736
s03_last,10,thumbnail_pool,0.03200000151991844
s03_last,10,reference_encoder0,0.006816000211983919
s03_last,10,reference_encoder1,0.003648000070825219
s03_last,10,reference_encoder2,0.012640000320971012
s03_last,10,reference_encoder3,0.0037440001033246517
s03_last,10,reference_pool,0.06668800115585327
s03_last,10,reference_project,0.006144000217318535
s03_last,10,reference_resize,0.018079999834299088
s03_last,10,tail_norm,0.00031999999191612005
s03_last,10,tail_conv,0.10172799974679947
s03_last,10,output_conv,0.21052800118923187
s03_last,10,shuffle_stage0,0.02627200074493885
s03_last,10,shuffle_stage1,0.02627200074493885
s03_last,11,input_rearrange,0.009344000369310379
s03_last,11,head_conv,0.049984000623226166
s03_last,11,body0_norm,0.0013119999784976244
s03_last,11,body0_conv,0.10041599720716476
s03_last,11,body0_activation,0.012000000104308128
s03_last,11,body1_norm,0.001247999956831336
s03_last,11,body1_conv,0.10390400141477585
s03_last,11,body1_activation,0.011872000060975552
s03_last,11,body2_norm,0.0016319999704137444
s03_last,11,body2_conv,0.0995199978351593
s03_last,11,body2_activation,0.01196799986064434
s03_last,11,body3_norm,0.0013119999784976244
s03_last,11,body3_conv,0.09830400347709656
s03_last,11,body3_activation,0.010623999871313572
s03_last,11,thumbnail_pool,0.03200000151991844
s03_last,11,reference_encoder0,0.007007999811321497
s03_last,11,reference_encoder1,0.003616000059992075
s03_last,11,reference_encoder2,0.012575999833643436
s03_last,11,reference_encoder3,0.003871999913826585
s03_last,11,reference_pool,0.06672000139951706
s03_last,11,reference_project,0.006144000217318535
s03_last,11,reference_resize,0.018079999834299088
s03_last,11,tail_norm,0.00031999999191612005
s03_last,11,tail_conv,0.1037760004401207
s03_last,11,output_conv,0.21875199675559998
s03_last,11,shuffle_stage0,0.02627200074493885
s03_last,11,shuffle_stage1,0.026240000501275063
s03_last,12,input_rearrange,0.0080960001796484
s03_last,12,head_conv,0.04995200037956238
s03_last,12,body0_norm,0.0013119999784976244
s03_last,12,body0_conv,0.10246399790048599
s03_last,12,body0_activation,0.01190400030463934
s03_last,12,body1_norm,0.0012799999676644802
s03_last,12,body1_conv,0.1037760004401207
s03_last,12,body1_activation,0.01196799986064434
s03_last,12,body2_norm,0.0013119999784976244
s03_last,12,body2_conv,0.09980800002813339
s03_last,12,body2_activation,0.011839999817311764
s03_last,12,body3_norm,0.0011840000515803695
s03_last,12,body3_conv,0.10044799745082855
s03_last,12,body3_activation,0.01065600011497736
s03_last,12,thumbnail_pool,0.031808000057935715
s03_last,12,reference_encoder0,0.006719999946653843
s03_last,12,reference_encoder1,0.003776000114157796
s03_last,12,reference_encoder2,0.01235199999064207
s03_last,12,reference_encoder3,0.0037120000924915075
s03_last,12,reference_pool,0.0666240006685257
s03_last,12,reference_project,0.006111999973654747
s03_last,12,reference_resize,0.018112000077962875
s03_last,12,tail_norm,0.00031999999191612005
s03_last,12,tail_conv,0.10172799974679947
s03_last,12,output_conv,0.2126079946756363
s03_last,12,shuffle_stage0,0.02627200074493885
s03_last,12,shuffle_stage1,0.02630399912595749
s03_last,13,input_rearrange,0.0081599997356534
s03_last,13,head_conv,0.04975999891757965
s03_last,13,body0_norm,0.0013119999784976244
s03_last,13,body0_conv,0.10246399790048599
s03_last,13,body0_activation,0.01206399966031313
s03_last,13,body1_norm,0.0011840000515803695
s03_last,13,body1_conv,0.10182400047779083
s03_last,13,body1_activation,0.012095999903976917
s03_last,13,body2_norm,0.0011520000407472253
s03_last,13,body2_conv,0.09785600006580353
s03_last,13,body2_activation,0.011935999616980553
s03_last,13,body3_norm,0.0012159999459981918
s03_last,13,body3_conv,0.09830400347709656
s03_last,13,body3_activation,0.01065600011497736
s03_last,13,thumbnail_pool,0.03200000151991844
s03_last,13,reference_encoder0,0.006943999789655209
s03_last,13,reference_encoder1,0.003776000114157796
s03_last,13,reference_encoder2,0.012671999633312225
s03_last,13,reference_encoder3,0.0038079998921602964
s03_last,13,reference_pool,0.06652799993753433
s03_last,13,reference_project,0.006144000217318535
s03_last,13,reference_resize,0.018079999834299088
s03_last,13,tail_norm,0.00031999999191612005
s03_last,13,tail_conv,0.10172799974679947
s03_last,13,output_conv,0.2126079946756363
s03_last,13,shuffle_stage0,0.02627200074493885
s03_last,13,shuffle_stage1,0.02627200074493885
s03_last,14,input_rearrange,0.009855999611318111
s03_last,14,head_conv,0.0514880008995533
s03_last,14,body0_norm,0.0015040000434964895
s03_last,14,body0_conv,0.10028800368309021
s03_last,14,body0_activation,0.012032000347971916
s03_last,14,body1_norm,0.0012159999459981918
s03_last,14,body1_conv,0.10179200023412704
s03_last,14,body1_activation,0.011872000060975552
s03_last,14,body2_norm,0.0013439999893307686
s03_last,14,body2_conv,0.09779199957847595
s03_last,14,body2_activation,0.011872000060975552
s03_last,14,body3_norm,0.0011840000515803695
s03_last,14,body3_conv,0.0981760025024414
s03_last,14,body3_activation,0.011071999557316303
s03_last,14,thumbnail_pool,0.03200000151991844
s03_last,14,reference_encoder0,0.005280000157654285
s03_last,14,reference_encoder1,0.003616000059992075
s03_last,14,reference_encoder2,0.012608000077307224
s03_last,14,reference_encoder3,0.003871999913826585
s03_last,14,reference_pool,0.06672000139951706
s03_last,14,reference_project,0.006144000217318535
s03_last,14,reference_resize,0.018079999834299088
s03_last,14,tail_norm,0.00031999999191612005
s03_last,14,tail_conv,0.10172799974679947
s03_last,14,output_conv,0.2126079946756363
s03_last,14,shuffle_stage0,0.02627200074493885
s03_last,14,shuffle_stage1,0.02831999957561493
s03_last,15,input_rearrange,0.008287999778985977
s03_last,15,head_conv,0.051552001386880875
s03_last,15,body0_norm,0.0013439999893307686
s03_last,15,body0_conv,0.09843199700117111
s03_last,15,body0_activation,0.011839999817311764
s03_last,15,body1_norm,0.0011840000515803695
s03_last,15,body1_conv,0.10188800096511841
s03_last,15,body1_activation,0.012000000104308128
s03_last,15,body2_norm,0.0012159999459981918
s03_last,15,body2_conv,0.09772799909114838
s03_last,15,body2_activation,0.011839999817311764
s03_last,15,body3_norm,0.0012159999459981918
s03_last,15,body3_conv,0.10038399696350098
s03_last,15,body3_activation,0.010528000071644783
s03_last,15,thumbnail_pool,0.03174399957060814
s03_last,15,reference_encoder0,0.005024000070989132
s03_last,15,reference_encoder1,0.0037120000924915075
s03_last,15,reference_encoder2,0.012415999546647072
s03_last,15,reference_encoder3,0.003488000016659498
s03_last,15,reference_pool,0.06681600213050842
s03_last,15,reference_project,0.006144000217318535
s03_last,15,reference_resize,0.018079999834299088
s03_last,15,tail_norm,0.00031999999191612005
s03_last,15,tail_conv,0.10172799974679947
s03_last,15,output_conv,0.2207999974489212
s03_last,15,shuffle_stage0,0.02627200074493885
s03_last,15,shuffle_stage1,0.02627200074493885
s03_last,16,input_rearrange,0.007552000228315592
s03_last,16,head_conv,0.05011200159788132
s03_last,16,body0_norm,0.0013119999784976244
s03_last,16,body0_conv,0.10051199793815613
s03_last,16,body0_activation,0.01196799986064434
s03_last,16,body1_norm,0.0011840000515803695
s03_last,16,body1_conv,0.10185600072145462
s03_last,16,body1_activation,0.012000000104308128
s03_last,16,body2_norm,0.0011840000515803695
s03_last,16,body2_conv,0.09801600128412247
s03_last,16,body2_activation,0.011872000060975552
s03_last,16,body3_norm,0.001408000010997057
s03_last,16,body3_conv,0.10028800368309021
s03_last,16,body3_activation,0.01065600011497736
s03_last,16,thumbnail_pool,0.031968001276254654
s03_last,16,reference_encoder0,0.005311999935656786
s03_last,16,reference_encoder1,0.0038079998921602964
s03_last,16,reference_encoder2,0.012671999633312225
s03_last,16,reference_encoder3,0.003936000168323517
s03_last,16,reference_pool,0.06665600091218948
s03_last,16,reference_project,0.006144000217318535
s03_last,16,reference_resize,0.018079999834299088
s03_last,16,tail_norm,0.00035200000274926424
s03_last,16,tail_conv,0.10172799974679947
s03_last,16,output_conv,0.2126079946756363
s03_last,16,shuffle_stage0,0.02627200074493885
s03_last,16,shuffle_stage1,0.02627200074493885
s03_last,17,input_rearrange,0.009472000412642956
s03_last,17,head_conv,0.04960000142455101
s03_last,17,body0_norm,0.001408000010997057
s03_last,17,body0_conv,0.1003199964761734
s03_last,17,body0_activation,0.012095999903976917
s03_last,17,body1_norm,0.0013119999784976244
s03_last,17,body1_conv,0.10169599950313568
s03_last,17,body1_activation,0.011872000060975552
s03_last,17,body2_norm,0.0011840000515803695
s03_last,17,body2_conv,0.09795200079679489
s03_last,17,body2_activation,0.012000000104308128
s03_last,17,body3_norm,0.0011840000515803695
s03_last,17,body3_conv,0.09836799651384354
s03_last,17,body3_activation,0.010591999627649784
s03_last,17,thumbnail_pool,0.03200000151991844
s03_last,17,reference_encoder0,0.005216000135987997
s03_last,17,reference_encoder1,0.003648000070825219
s03_last,17,reference_encoder2,0.012384000234305859
s03_last,17,reference_encoder3,0.003903999924659729
s03_last,17,reference_pool,0.06668800115585327
s03_last,17,reference_project,0.006144000217318535
s03_last,17,reference_resize,0.018079999834299088
s03_last,17,tail_norm,0.00031999999191612005
s03_last,17,tail_conv,0.10172799974679947
s03_last,17,output_conv,0.2126079946756363
s03_last,17,shuffle_stage0,0.02627200074493885
s03_last,17,shuffle_stage1,0.026240000501275063
s03_last,18,input_rearrange,0.008448000065982342
s03_last,18,head_conv,0.05023999884724617
s03_last,18,body0_norm,0.0016959999920800328
s03_last,18,body0_conv,0.10195200145244598
s03_last,18,body0_activation,0.011872000060975552
s03_last,18,body1_norm,0.0012799999676644802
s03_last,18,body1_conv,0.10396800190210342
s03_last,18,body1_activation,0.012032000347971916
s03_last,18,body2_norm,0.0011840000515803695
s03_last,18,body2_conv,0.09984000027179718
s03_last,18,body2_activation,0.012000000104308128
s03_last,18,body3_norm,0.001247999956831336
s03_last,18,body3_conv,0.09830400347709656
s03_last,18,body3_activation,0.010688000358641148
s03_last,18,thumbnail_pool,0.03174399957060814
s03_last,18,reference_encoder0,0.005280000157654285
s03_last,18,reference_encoder1,0.0036800000816583633
s03_last,18,reference_encoder2,0.012543999589979649
s03_last,18,reference_encoder3,0.003488000016659498
s03_last,18,reference_pool,0.06678400188684464
s03_last,18,reference_project,0.006144000217318535
s03_last,18,reference_resize,0.018079999834299088
s03_last,18,tail_norm,0.00031999999191612005
s03_last,18,tail_conv,0.1037760004401207
s03_last,18,output_conv,0.2126079946756363
s03_last,18,shuffle_stage0,0.02627200074493885
s03_last,18,shuffle_stage1,0.02627200074493885
s03_last,19,input_rearrange,0.010208000428974628
s03_last,19,head_conv,0.050016000866889954
s03_last,19,body0_norm,0.0012799999676644802
s03_last,19,body0_conv,0.10252799838781357
s03_last,19,body0_activation,0.011872000060975552
s03_last,19,body1_norm,0.0011840000515803695
s03_last,19,body1_conv,0.10393600165843964
s03_last,19,body1_activation,0.012000000104308128
s03_last,19,body2_norm,0.0012159999459981918
s03_last,19,body2_conv,0.09788800030946732
s03_last,19,body2_activation,0.011872000060975552
s03_last,19,body3_norm,0.001408000010997057
s03_last,19,body3_conv,0.10022400319576263
s03_last,19,body3_activation,0.010528000071644783
s03_last,19,thumbnail_pool,0.03190400078892708
s03_last,19,reference_encoder0,0.0049600000493228436
s03_last,19,reference_encoder1,0.0037440001033246517
s03_last,19,reference_encoder2,0.01244799979031086
s03_last,19,reference_encoder3,0.003616000059992075
s03_last,19,reference_pool,0.06681600213050842
s03_last,19,reference_project,0.006144000217318535
s03_last,19,reference_resize,0.018079999834299088
s03_last,19,tail_norm,0.00031999999191612005
s03_last,19,tail_conv,0.09967999905347824
s03_last,19,output_conv,0.2126079946756363
s03_last,19,shuffle_stage0,0.02627200074493885
s03_last,19,shuffle_stage1,0.02627200074493885
s03_8k_fastpool,0,input_rearrange,0.008128000423312187
s03_8k_fastpool,0,head_conv,0.051711998879909515
s03_8k_fastpool,0,body0_norm,0.00035200000274926424
s03_8k_fastpool,0,body0_conv,0.10134399682283401
s03_8k_fastpool,0,body0_activation,0.012000000104308128
s03_8k_fastpool,0,body1_norm,0.00035200000274926424
s03_8k_fastpool,0,body1_conv,0.10179200023412704
s03_8k_fastpool,0,body1_activation,0.010784000158309937
s03_8k_fastpool,0,body2_norm,0.00035200000274926424
s03_8k_fastpool,0,body2_conv,0.09814400225877762
s03_8k_fastpool,0,body2_activation,0.011136000044643879
s03_8k_fastpool,0,body3_norm,0.00035200000274926424
s03_8k_fastpool,0,body3_conv,0.09904000163078308
s03_8k_fastpool,0,body3_activation,0.009855999611318111
s03_8k_fastpool,0,thumbnail_pool,0.009759999811649323
s03_8k_fastpool,0,reference_encoder0,0.0066559999249875546
s03_8k_fastpool,0,reference_encoder1,0.002463999902829528
s03_8k_fastpool,0,reference_encoder2,0.01158399973064661
s03_8k_fastpool,0,reference_encoder3,0.0038399999029934406
s03_8k_fastpool,0,reference_pool,0.011392000131309032
s03_8k_fastpool,0,reference_project,0.006175999995321035
s03_8k_fastpool,0,reference_resize,0.0180479995906353
s03_8k_fastpool,0,tail_norm,0.00031999999191612005
s03_8k_fastpool,0,tail_conv,0.09967999905347824
s03_8k_fastpool,0,output_conv,0.20851199328899384
s03_8k_fastpool,0,shuffle_stage0,0.02627200074493885
s03_8k_fastpool,0,shuffle_stage1,0.02627200074493885
s03_8k_fastpool,1,input_rearrange,0.008191999979317188
s03_8k_fastpool,1,head_conv,0.04979199916124344
s03_8k_fastpool,1,body0_norm,0.00035200000274926424
s03_8k_fastpool,1,body0_conv,0.10342399775981903
s03_8k_fastpool,1,body0_activation,0.011807999573647976
s03_8k_fastpool,1,body1_norm,0.0011840000515803695
s03_8k_fastpool,1,body1_conv,0.10400000214576721
s03_8k_fastpool,1,body1_activation,0.010975999757647514
s03_8k_fastpool,1,body2_norm,0.00035200000274926424
s03_8k_fastpool,1,body2_conv,0.09824000298976898
s03_8k_fastpool,1,body2_activation,0.011487999930977821
s03_8k_fastpool,1,body3_norm,0.00038400001358240843
s03_8k_fastpool,1,body3_conv,0.10124800354242325
s03_8k_fastpool,1,body3_activation,0.009920000098645687
s03_8k_fastpool,1,thumbnail_pool,0.009696000255644321
s03_8k_fastpool,1,reference_encoder0,0.006527999881654978
s03_8k_fastpool,1,reference_encoder1,0.0022720000706613064
s03_8k_fastpool,1,reference_encoder2,0.01142400037497282
s03_8k_fastpool,1,reference_encoder3,0.0038079998921602964
s03_8k_fastpool,1,reference_pool,0.011359999887645245
s03_8k_fastpool,1,reference_project,0.006144000217318535
s03_8k_fastpool,1,reference_resize,0.018079999834299088
s03_8k_fastpool,1,tail_norm,0.00031999999191612005
s03_8k_fastpool,1,tail_conv,0.09967999905347824
s03_8k_fastpool,1,output_conv,0.21055999398231506
s03_8k_fastpool,1,shuffle_stage0,0.02627200074493885
s03_8k_fastpool,1,shuffle_stage1,0.02627200074493885
s03_8k_fastpool,2,input_rearrange,0.008191999979317188
s03_8k_fastpool,2,head_conv,0.04979199916124344
s03_8k_fastpool,2,body0_norm,0.00035200000274926424
s03_8k_fastpool,2,body0_conv,0.10342399775981903
s03_8k_fastpool,2,body0_activation,0.012319999746978283
s03_8k_fastpool,2,body1_norm,0.0012159999459981918
s03_8k_fastpool,2,body1_conv,0.10156799852848053
s03_8k_fastpool,2,body1_activation,0.010944000445306301
s03_8k_fastpool,2,body2_norm,0.00035200000274926424
s03_8k_fastpool,2,body2_conv,0.0984639972448349
s03_8k_fastpool,2,body2_activation,0.010784000158309937
s03_8k_fastpool,2,body3_norm,0.00038400001358240843
s03_8k_fastpool,2,body3_conv,0.10127999633550644
s03_8k_fastpool,2,body3_activation,0.011680000461637974
s03_8k_fastpool,2,thumbnail_pool,0.009824000298976898
s03_8k_fastpool,2,reference_encoder0,0.006175999995321035
s03_8k_fastpool,2,reference_encoder1,0.002495999913662672
s03_8k_fastpool,2,reference_encoder2,0.011744000017642975
s03_8k_fastpool,2,reference_encoder3,0.004000000189989805
s03_8k_fastpool,2,reference_pool,0.011231999844312668
s03_8k_fastpool,2,reference_project,0.006144000217318535
s03_8k_fastpool,2,reference_resize,0.0180479995906353
s03_8k_fastpool,2,tail_norm,0.00031999999191612005
s03_8k_fastpool,2,tail_conv,0.09967999905347824
s03_8k_fastpool,2,output_conv,0.2126079946756363
s03_8k_fastpool,2,shuffle_stage0,0.02627200074493885
s03_8k_fastpool,2,shuffle_stage1,0.026240000501275063
s03_8k_fastpool,3,input_rearrange,0.008128000423312187
s03_8k_fastpool,3,head_conv,0.05180799961090088
s03_8k_fastpool,3,body0_norm,0.00035200000274926424
s03_8k_fastpool,3,body0_conv,0.1013759970664978
s03_8k_fastpool,3,body0_activation,0.011935999616980553
s03_8k_fastpool,3,body1_norm,0.0012159999459981918
s03_8k_fastpool,3,body1_conv,0.1019200012087822
s03_8k_fastpool,3,body1_activation,0.011103999800980091
s03_8k_fastpool,3,body2_norm,0.00035200000274926424
s03_8k_fastpool,3,body2_conv,0.09833600372076035
s03_8k_fastpool,3,body2_activation,0.011103999800980091
s03_8k_fastpool,3,body3_norm,0.00035200000274926424
s03_8k_fastpool,3,body3_conv,0.09929600358009338
s03_8k_fastpool,3,body3_activation,0.011807999573647976
s03_8k_fastpool,3,thumbnail_pool,0.009696000255644321
s03_8k_fastpool,3,reference_encoder0,0.006527999881654978
s03_8k_fastpool,3,reference_encoder1,0.002463999902829528
s03_8k_fastpool,3,reference_encoder2,0.01196799986064434
s03_8k_fastpool,3,reference_encoder3,0.0037440001033246517
s03_8k_fastpool,3,reference_pool,0.011487999930977821
s03_8k_fastpool,3,reference_project,0.006144000217318535
s03_8k_fastpool,3,reference_resize,0.018079999834299088
s03_8k_fastpool,3,tail_norm,0.00035200000274926424
s03_8k_fastpool,3,tail_conv,0.09967999905347824
s03_8k_fastpool,3,output_conv,0.21052800118923187
s03_8k_fastpool,3,shuffle_stage0,0.02630399912595749
s03_8k_fastpool,3,shuffle_stage1,0.02627200074493885
s03_8k_fastpool,4,input_rearrange,0.010143999941647053
s03_8k_fastpool,4,head_conv,0.05135999992489815
s03_8k_fastpool,4,body0_norm,0.00035200000274926424
s03_8k_fastpool,4,body0_conv,0.10121600329875946
s03_8k_fastpool,4,body0_activation,0.012000000104308128
s03_8k_fastpool,4,body1_norm,0.0011840000515803695
s03_8k_fastpool,4,body1_conv,0.10195200145244598
s03_8k_fastpool,4,body1_activation,0.011071999557316303
s03_8k_fastpool,4,body2_norm,0.00035200000274926424
s03_8k_fastpool,4,body2_conv,0.09830400347709656
s03_8k_fastpool,4,body2_activation,0.011103999800980091
s03_8k_fastpool,4,body3_norm,0.00038400001358240843
s03_8k_fastpool,4,body3_conv,0.10118400305509567
s03_8k_fastpool,4,body3_activation,0.011839999817311764
s03_8k_fastpool,4,thumbnail_pool,0.009824000298976898
s03_8k_fastpool,4,reference_encoder0,0.006432000081986189
s03_8k_fastpool,4,reference_encoder1,0.0021440000273287296
s03_8k_fastpool,4,reference_encoder2,0.011807999573647976
s03_8k_fastpool,4,reference_encoder3,0.003936000168323517
s03_8k_fastpool,4,reference_pool,0.011264000087976456
s03_8k_fastpool,4,reference_project,0.006144000217318535
s03_8k_fastpool,4,reference_resize,0.018079999834299088
s03_8k_fastpool,4,tail_norm,0.00031999999191612005
s03_8k_fastpool,4,tail_conv,0.09967999905347824
s03_8k_fastpool,4,output_conv,0.21059200167655945
s03_8k_fastpool,4,shuffle_stage0,0.02627200074493885
s03_8k_fastpool,4,shuffle_stage1,0.02627200074493885
s03_8k_fastpool,5,input_rearrange,0.009600000455975533
s03_8k_fastpool,5,head_conv,0.04979199916124344
s03_8k_fastpool,5,body0_norm,0.00035200000274926424
s03_8k_fastpool,5,body0_conv,0.1035199984908104
s03_8k_fastpool,5,body0_activation,0.011680000461637974
s03_8k_fastpool,5,body1_norm,0.0012159999459981918
s03_8k_fastpool,5,body1_conv,0.10198400169610977
s03_8k_fastpool,5,body1_activation,0.011008000001311302
s03_8k_fastpool,5,body2_norm,0.00035200000274926424
s03_8k_fastpool,5,body2_conv,0.10022400319576263
s03_8k_fastpool,5,body2_activation,0.011071999557316303
s03_8k_fastpool,5,body3_norm,0.00038400001358240843
s03_8k_fastpool,5,body3_conv,0.09913600236177444
s03_8k_fastpool,5,body3_activation,0.0098879998549819
s03_8k_fastpool,5,thumbnail_pool,0.009824000298976898
s03_8k_fastpool,5,reference_encoder0,0.006496000103652477
s03_8k_fastpool,5,reference_encoder1,0.002208000048995018
s03_8k_fastpool,5,reference_encoder2,0.01152000017464161
s03_8k_fastpool,5,reference_encoder3,0.003648000070825219
s03_8k_fastpool,5,reference_pool,0.011392000131309032
s03_8k_fastpool,5,reference_project,0.006111999973654747
s03_8k_fastpool,5,reference_resize,0.018079999834299088
s03_8k_fastpool,5,tail_norm,0.00031999999191612005
s03_8k_fastpool,5,tail_conv,0.09763199836015701
s03_8k_fastpool,5,output_conv,0.21059200167655945
s03_8k_fastpool,5,shuffle_stage0,0.026240000501275063
s03_8k_fastpool,5,shuffle_stage1,0.02630399912595749
s03_8k_fastpool,6,input_rearrange,0.008031999692320824
s03_8k_fastpool,6,head_conv,0.04975999891757965
s03_8k_fastpool,6,body0_norm,0.00035200000274926424
s03_8k_fastpool,6,body0_conv,0.10342399775981903
s03_8k_fastpool,6,body0_activation,0.01206399966031313
s03_8k_fastpool,6,body1_norm,0.0012159999459981918
s03_8k_fastpool,6,body1_conv,0.10179200023412704
s03_8k_fastpool,6,body1_activation,0.011008000001311302
s03_8k_fastpool,6,body2_norm,0.00035200000274926424
s03_8k_fastpool,6,body2_conv,0.09839999675750732
s03_8k_fastpool,6,body2_activation,0.01104000024497509
s03_8k_fastpool,6,body3_norm,0.00035200000274926424
s03_8k_fastpool,6,body3_conv,0.10121600329875946
s03_8k_fastpool,6,body3_activation,0.011776000261306763
s03_8k_fastpool,6,thumbnail_pool,0.0098879998549819
s03_8k_fastpool,6,reference_encoder0,0.006527999881654978
s03_8k_fastpool,6,reference_encoder1,0.0024319998919963837
s03_8k_fastpool,6,reference_encoder2,0.01206399966031313
s03_8k_fastpool,6,reference_encoder3,0.003776000114157796
s03_8k_fastpool,6,reference_pool,0.011327999643981457
s03_8k_fastpool,6,reference_project,0.006175999995321035
s03_8k_fastpool,6,reference_resize,0.018079999834299088
s03_8k_fastpool,6,tail_norm,0.00031999999191612005
s03_8k_fastpool,6,tail_conv,0.09967999905347824
s03_8k_fastpool,6,output_conv,0.21059200167655945
s03_8k_fastpool,6,shuffle_stage0,0.02627200074493885
s03_8k_fastpool,6,shuffle_stage1,0.02627200074493885
s03_8k_fastpool,7,input_rearrange,0.008320000022649765
s03_8k_fastpool,7,head_conv,0.04944000020623207
s03_8k_fastpool,7,body0_norm,0.00031999999191612005
s03_8k_fastpool,7,body0_conv,0.10339199751615524
s03_8k_fastpool,7,body0_activation,0.011807999573647976
s03_8k_fastpool,7,body1_norm,0.0012799999676644802
s03_8k_fastpool,7,body1_conv,0.10393600165843964
s03_8k_fastpool,7,body1_activation,0.011103999800980091
s03_8k_fastpool,7,body2_norm,0.00035200000274926424
s03_8k_fastpool,7,body2_conv,0.09827200323343277
s03_8k_fastpool,7,body2_activation,0.011103999800980091
s03_8k_fastpool,7,body3_norm,0.00035200000274926424
s03_8k_fastpool,7,body3_conv,0.10124800354242325
s03_8k_fastpool,7,body3_activation,0.010015999898314476
s03_8k_fastpool,7,thumbnail_pool,0.00979200005531311
s03_8k_fastpool,7,reference_encoder0,0.0063680000603199005
s03_8k_fastpool,7,reference_encoder1,0.002368000103160739
s03_8k_fastpool,7,reference_encoder2,0.011392000131309032
s03_8k_fastpool,7,reference_encoder3,0.003903999924659729
s03_8k_fastpool,7,reference_pool,0.011327999643981457
s03_8k_fastpool,7,reference_project,0.006144000217318535
s03_8k_fastpool,7,reference_resize,0.018079999834299088
s03_8k_fastpool,7,tail_norm,0.00035200000274926424
s03_8k_fastpool,7,tail_conv,0.09763199836015701
s03_8k_fastpool,7,output_conv,0.21059200167655945
s03_8k_fastpool,7,shuffle_stage0,0.02627200074493885
s03_8k_fastpool,7,shuffle_stage1,0.02627200074493885
s03_8k_fastpool,8,input_rearrange,0.008320000022649765
s03_8k_fastpool,8,head_conv,0.05008000135421753
s03_8k_fastpool,8,body0_norm,0.00035200000274926424
s03_8k_fastpool,8,body0_conv,0.1034879982471466
s03_8k_fastpool,8,body0_activation,0.01196799986064434
s03_8k_fastpool,8,body1_norm,0.0012159999459981918
s03_8k_fastpool,8,body1_conv,0.10390400141477585
s03_8k_fastpool,8,body1_activation,0.010944000445306301
s03_8k_fastpool,8,body2_norm,0.00038400001358240843
s03_8k_fastpool,8,body2_conv,0.10038399696350098
s03_8k_fastpool,8,body2_activation,0.010975999757647514
s03_8k_fastpool,8,body3_norm,0.00038400001358240843
s03_8k_fastpool,8,body3_conv,0.09916800260543823
s03_8k_fastpool,8,body3_activation,0.0098879998549819
s03_8k_fastpool,8,thumbnail_pool,0.009855999611318111
s03_8k_fastpool,8,reference_encoder0,0.006527999881654978
s03_8k_fastpool,8,reference_encoder1,0.0023360000923275948
s03_8k_fastpool,8,reference_encoder2,0.011935999616980553
s03_8k_fastpool,8,reference_encoder3,0.003967999946326017
s03_8k_fastpool,8,reference_pool,0.011231999844312668
s03_8k_fastpool,8,reference_project,0.006144000217318535
s03_8k_fastpool,8,reference_resize,0.018079999834299088
s03_8k_fastpool,8,tail_norm,0.00035200000274926424
s03_8k_fastpool,8,tail_conv,0.09763199836015701
s03_8k_fastpool,8,output_conv,0.21264000236988068
s03_8k_fastpool,8,shuffle_stage0,0.02627200074493885
s03_8k_fastpool,8,shuffle_stage1,0.02627200074493885
s03_8k_fastpool,9,input_rearrange,0.008063999935984612
s03_8k_fastpool,9,head_conv,0.05004800111055374
s03_8k_fastpool,9,body0_norm,0.00031999999191612005
s03_8k_fastpool,9,body0_conv,0.10121600329875946
s03_8k_fastpool,9,body0_activation,0.011807999573647976
s03_8k_fastpool,9,body1_norm,0.001247999956831336
s03_8k_fastpool,9,body1_conv,0.10195200145244598
s03_8k_fastpool,9,body1_activation,0.011103999800980091
s03_8k_fastpool,9,body2_norm,0.00035200000274926424
s03_8k_fastpool,9,body2_conv,0.09833600372076035
s03_8k_fastpool,9,body2_activation,0.011008000001311302
s03_8k_fastpool,9,body3_norm,0.00035200000274926424
s03_8k_fastpool,9,body3_conv,0.10127999633550644
s03_8k_fastpool,9,body3_activation,0.009920000098645687
s03_8k_fastpool,9,thumbnail_pool,0.009824000298976898
s03_8k_fastpool,9,reference_encoder0,0.006304000038653612
s03_8k_fastpool,9,reference_encoder1,0.0024319998919963837
s03_8k_fastpool,9,reference_encoder2,0.011807999573647976
s03_8k_fastpool,9,reference_encoder3,0.0037440001033246517
s03_8k_fastpool,9,reference_pool,0.011487999930977821
s03_8k_fastpool,9,reference_project,0.006144000217318535
s03_8k_fastpool,9,reference_resize,0.018079999834299088
s03_8k_fastpool,9,tail_norm,0.00031999999191612005
s03_8k_fastpool,9,tail_conv,0.09967999905347824
s03_8k_fastpool,9,output_conv,0.20848000049591064
s03_8k_fastpool,9,shuffle_stage0,0.02630399912595749
s03_8k_fastpool,9,shuffle_stage1,0.02627200074493885
s03_8k_fastpool,10,input_rearrange,0.010080000385642052
s03_8k_fastpool,10,head_conv,0.04982399940490723
s03_8k_fastpool,10,body0_norm,0.00035200000274926424
s03_8k_fastpool,10,body0_conv,0.10335999727249146
s03_8k_fastpool,10,body0_activation,0.012032000347971916
s03_8k_fastpool,10,body1_norm,0.0012799999676644802
s03_8k_fastpool,10,body1_conv,0.10384000092744827
s03_8k_fastpool,10,body1_activation,0.010784000158309937
s03_8k_fastpool,10,body2_norm,0.00038400001358240843
s03_8k_fastpool,10,body2_conv,0.10019200295209885
s03_8k_fastpool,10,body2_activation,0.010912000201642513
s03_8k_fastpool,10,body3_norm,0.00035200000274926424
s03_8k_fastpool,10,body3_conv,0.10124800354242325
s03_8k_fastpool,10,body3_activation,0.011872000060975552
s03_8k_fastpool,10,thumbnail_pool,0.009855999611318111
s03_8k_fastpool,10,reference_encoder0,0.006399999838322401
s03_8k_fastpool,10,reference_encoder1,0.002400000113993883
s03_8k_fastpool,10,reference_encoder2,0.011935999616980553
s03_8k_fastpool,10,reference_encoder3,0.003871999913826585
s03_8k_fastpool,10,reference_pool,0.011359999887645245
s03_8k_fastpool,10,reference_project,0.006144000217318535
s03_8k_fastpool,10,reference_resize,0.018079999834299088
s03_8k_fastpool,10,tail_norm,0.00031999999191612005
s03_8k_fastpool,10,tail_conv,0.09967999905347824
s03_8k_fastpool,10,output_conv,0.21059200167655945
s03_8k_fastpool,10,shuffle_stage0,0.02627200074493885
s03_8k_fastpool,10,shuffle_stage1,0.02630399912595749
s03_8k_fastpool,11,input_rearrange,0.007872000336647034
s03_8k_fastpool,11,head_conv,0.04975999891757965
s03_8k_fastpool,11,body0_norm,0.00035200000274926424
s03_8k_fastpool,11,body0_conv,0.10156799852848053
s03_8k_fastpool,11,body0_activation,0.011615999974310398
s03_8k_fastpool,11,body1_norm,0.0011840000515803695
s03_8k_fastpool,11,body1_conv,0.10198400169610977
s03_8k_fastpool,11,body1_activation,0.011103999800980091
s03_8k_fastpool,11,body2_norm,0.00035200000274926424
s03_8k_fastpool,11,body2_conv,0.10038399696350098
s03_8k_fastpool,11,body2_activation,0.010944000445306301
s03_8k_fastpool,11,body3_norm,0.00035200000274926424
s03_8k_fastpool,11,body3_conv,0.10127999633550644
s03_8k_fastpool,11,body3_activation,0.011839999817311764
s03_8k_fastpool,11,thumbnail_pool,0.00979200005531311
s03_8k_fastpool,11,reference_encoder0,0.006304000038653612
s03_8k_fastpool,11,reference_encoder1,0.002400000113993883
s03_8k_fastpool,11,reference_encoder2,0.012191999703645706
s03_8k_fastpool,11,reference_encoder3,0.003488000016659498
s03_8k_fastpool,11,reference_pool,0.011487999930977821
s03_8k_fastpool,11,reference_project,0.006144000217318535
s03_8k_fastpool,11,reference_resize,0.018079999834299088
s03_8k_fastpool,11,tail_norm,0.00031999999191612005
s03_8k_fastpool,11,tail_conv,0.09763199836015701
s03_8k_fastpool,11,output_conv,0.21055999398231506
s03_8k_fastpool,11,shuffle_stage0,0.02627200074493885
s03_8k_fastpool,11,shuffle_stage1,0.02627200074493885
s03_8k_fastpool,12,input_rearrange,0.008576000109314919
s03_8k_fastpool,12,head_conv,0.04982399940490723
s03_8k_fastpool,12,body0_norm,0.00035200000274926424
s03_8k_fastpool,12,body0_conv,0.10143999755382538
s03_8k_fastpool,12,body0_activation,0.011872000060975552
s03_8k_fastpool,12,body1_norm,0.0011840000515803695
s03_8k_fastpool,12,body1_conv,0.10185600072145462
s03_8k_fastpool,12,body1_activation,0.010944000445306301
s03_8k_fastpool,12,body2_norm,0.00035200000274926424
s03_8k_fastpool,12,body2_conv,0.09836799651384354
s03_8k_fastpool,12,body2_activation,0.010944000445306301
s03_8k_fastpool,12,body3_norm,0.00038400001358240843
s03_8k_fastpool,12,body3_conv,0.09923200309276581
s03_8k_fastpool,12,body3_activation,0.011711999773979187
s03_8k_fastpool,12,thumbnail_pool,0.009920000098645687
s03_8k_fastpool,12,reference_encoder0,0.006399999838322401
s03_8k_fastpool,12,reference_encoder1,0.0024319998919963837
s03_8k_fastpool,12,reference_encoder2,0.012032000347971916
s03_8k_fastpool,12,reference_encoder3,0.003648000070825219
s03_8k_fastpool,12,reference_pool,0.011359999887645245
s03_8k_fastpool,12,reference_project,0.006144000217318535
s03_8k_fastpool,12,reference_resize,0.018079999834299088
s03_8k_fastpool,12,tail_norm,0.00031999999191612005
s03_8k_fastpool,12,tail_conv,0.09967999905347824
s03_8k_fastpool,12,output_conv,0.20851199328899384
s03_8k_fastpool,12,shuffle_stage0,0.02831999957561493
s03_8k_fastpool,12,shuffle_stage1,0.02627200074493885
s03_8k_fastpool,13,input_rearrange,0.0080960001796484
s03_8k_fastpool,13,head_conv,0.05004800111055374
s03_8k_fastpool,13,body0_norm,0.00035200000274926424
s03_8k_fastpool,13,body0_conv,0.1034879982471466
s03_8k_fastpool,13,body0_activation,0.011680000461637974
s03_8k_fastpool,13,body1_norm,0.0015040000434964895
s03_8k_fastpool,13,body1_conv,0.10367999970912933
s03_8k_fastpool,13,body1_activation,0.01119999960064888
s03_8k_fastpool,13,body2_norm,0.00038400001358240843
s03_8k_fastpool,13,body2_conv,0.10028800368309021
s03_8k_fastpool,13,body2_activation,0.011103999800980091
s03_8k_fastpool,13,body3_norm,0.00038400001358240843
s03_8k_fastpool,13,body3_conv,0.10127999633550644
s03_8k_fastpool,13,body3_activation,0.011935999616980553
s03_8k_fastpool,13,thumbnail_pool,0.00979200005531311
s03_8k_fastpool,13,reference_encoder0,0.006304000038653612
s03_8k_fastpool,13,reference_encoder1,0.0024319998919963837
s03_8k_fastpool,13,reference_encoder2,0.011552000418305397
s03_8k_fastpool,13,reference_encoder3,0.003903999924659729
s03_8k_fastpool,13,reference_pool,0.011327999643981457
s03_8k_fastpool,13,reference_project,0.006111999973654747
s03_8k_fastpool,13,reference_resize,0.018112000077962875
s03_8k_fastpool,13,tail_norm,0.00031999999191612005
s03_8k_fastpool,13,tail_conv,0.09967999905347824
s03_8k_fastpool,13,output_conv,0.21059200167655945
s03_8k_fastpool,13,shuffle_stage0,0.02627200074493885
s03_8k_fastpool,13,shuffle_stage1,0.02627200074493885
s03_8k_fastpool,14,input_rearrange,0.008448000065982342
s03_8k_fastpool,14,head_conv,0.04995200037956238
s03_8k_fastpool,14,body0_norm,0.00035200000274926424
s03_8k_fastpool,14,body0_conv,0.10134399682283401
s03_8k_fastpool,14,body0_activation,0.012095999903976917
s03_8k_fastpool,14,body1_norm,0.0012159999459981918
s03_8k_fastpool,14,body1_conv,0.10179200023412704
s03_8k_fastpool,14,body1_activation,0.011008000001311302
s03_8k_fastpool,14,body2_norm,0.00038400001358240843
s03_8k_fastpool,14,body2_conv,0.09839999675750732
s03_8k_fastpool,14,body2_activation,0.011071999557316303
s03_8k_fastpool,14,body3_norm,0.00038400001358240843
s03_8k_fastpool,14,body3_conv,0.10124800354242325
s03_8k_fastpool,14,body3_activation,0.011776000261306763
s03_8k_fastpool,14,thumbnail_pool,0.0098879998549819
s03_8k_fastpool,14,reference_encoder0,0.006304000038653612
s03_8k_fastpool,14,reference_encoder1,0.0025279999244958162
s03_8k_fastpool,14,reference_encoder2,0.01190400030463934
s03_8k_fastpool,14,reference_encoder3,0.003936000168323517
s03_8k_fastpool,14,reference_pool,0.011296000331640244
s03_8k_fastpool,14,reference_project,0.006111999973654747
s03_8k_fastpool,14,reference_resize,0.018112000077962875
s03_8k_fastpool,14,tail_norm,0.00031999999191612005
s03_8k_fastpool,14,tail_conv,0.09967999905347824
s03_8k_fastpool,14,output_conv,0.21059200167655945
s03_8k_fastpool,14,shuffle_stage0,0.02627200074493885
s03_8k_fastpool,14,shuffle_stage1,0.02627200074493885
s03_8k_fastpool,15,input_rearrange,0.009727999567985535
s03_8k_fastpool,15,head_conv,0.051872000098228455
s03_8k_fastpool,15,body0_norm,0.00035200000274926424
s03_8k_fastpool,15,body0_conv,0.10339199751615524
s03_8k_fastpool,15,body0_activation,0.011807999573647976
s03_8k_fastpool,15,body1_norm,0.0013119999784976244
s03_8k_fastpool,15,body1_conv,0.10393600165843964
s03_8k_fastpool,15,body1_activation,0.011071999557316303
s03_8k_fastpool,15,body2_norm,0.00035200000274926424
s03_8k_fastpool,15,body2_conv,0.09827200323343277
s03_8k_fastpool,15,body2_activation,0.011103999800980091
s03_8k_fastpool,15,body3_norm,0.00035200000274926424
s03_8k_fastpool,15,body3_conv,0.09932799637317657
s03_8k_fastpool,15,body3_activation,0.009855999611318111
s03_8k_fastpool,15,thumbnail_pool,0.009952000342309475
s03_8k_fastpool,15,reference_encoder0,0.006335999816656113
s03_8k_fastpool,15,reference_encoder1,0.002368000103160739
s03_8k_fastpool,15,reference_encoder2,0.011552000418305397
s03_8k_fastpool,15,reference_encoder3,0.0037440001033246517
s03_8k_fastpool,15,reference_pool,0.011487999930977821
s03_8k_fastpool,15,reference_project,0.006144000217318535
s03_8k_fastpool,15,reference_resize,0.018079999834299088
s03_8k_fastpool,15,tail_norm,0.00031999999191612005
s03_8k_fastpool,15,tail_conv,0.09763199836015701
s03_8k_fastpool,15,output_conv,0.21059200167655945
s03_8k_fastpool,15,shuffle_stage0,0.02627200074493885
s03_8k_fastpool,15,shuffle_stage1,0.02627200074493885
s03_8k_fastpool,16,input_rearrange,0.0081599997356534
s03_8k_fastpool,16,head_conv,0.0496320016682148
s03_8k_fastpool,16,body0_norm,0.00035200000274926424
s03_8k_fastpool,16,body0_conv,0.1013759970664978
s03_8k_fastpool,16,body0_activation,0.01206399966031313
s03_8k_fastpool,16,body1_norm,0.0013439999893307686
s03_8k_fastpool,16,body1_conv,0.10172799974679947
s03_8k_fastpool,16,body1_activation,0.011008000001311302
s03_8k_fastpool,16,body2_norm,0.00035200000274926424
s03_8k_fastpool,16,body2_conv,0.09833600372076035
s03_8k_fastpool,16,body2_activation,0.011168000288307667
s03_8k_fastpool,16,body3_norm,0.00035200000274926424
s03_8k_fastpool,16,body3_conv,0.09910400211811066
s03_8k_fastpool,16,body3_activation,0.009952000342309475
s03_8k_fastpool,16,thumbnail_pool,0.00979200005531311
s03_8k_fastpool,16,reference_encoder0,0.006463999859988689
s03_8k_fastpool,16,reference_encoder1,0.002463999902829528
s03_8k_fastpool,16,reference_encoder2,0.01190400030463934
s03_8k_fastpool,16,reference_encoder3,0.003871999913826585
s03_8k_fastpool,16,reference_pool,0.011327999643981457
s03_8k_fastpool,16,reference_project,0.006111999973654747
s03_8k_fastpool,16,reference_resize,0.018112000077962875
s03_8k_fastpool,16,tail_norm,0.00031999999191612005
s03_8k_fastpool,16,tail_conv,0.09967999905347824
s03_8k_fastpool,16,output_conv,0.21059200167655945
s03_8k_fastpool,16,shuffle_stage0,0.02627200074493885
s03_8k_fastpool,16,shuffle_stage1,0.02630399912595749
s03_8k_fastpool,17,input_rearrange,0.009568000212311745
s03_8k_fastpool,17,head_conv,0.050016000866889954
s03_8k_fastpool,17,body0_norm,0.00035200000274926424
s03_8k_fastpool,17,body0_conv,0.10320000350475311
s03_8k_fastpool,17,body0_activation,0.011776000261306763
s03_8k_fastpool,17,body1_norm,0.001247999956831336
s03_8k_fastpool,17,body1_conv,0.1019200012087822
s03_8k_fastpool,17,body1_activation,0.011008000001311302
s03_8k_fastpool,17,body2_norm,0.00038400001358240843
s03_8k_fastpool,17,body2_conv,0.10041599720716476
s03_8k_fastpool,17,body2_activation,0.010847999714314938
s03_8k_fastpool,17,body3_norm,0.00035200000274926424
s03_8k_fastpool,17,body3_conv,0.09920000284910202
s03_8k_fastpool,17,body3_activation,0.009920000098645687
s03_8k_fastpool,17,thumbnail_pool,0.00979200005531311
s03_8k_fastpool,17,reference_encoder0,0.006399999838322401
s03_8k_fastpool,17,reference_encoder1,0.002400000113993883
s03_8k_fastpool,17,reference_encoder2,0.011935999616980553
s03_8k_fastpool,17,reference_encoder3,0.0037120000924915075
s03_8k_fastpool,17,reference_pool,0.01152000017464161
s03_8k_fastpool,17,reference_project,0.006144000217318535
s03_8k_fastpool,17,reference_resize,0.018079999834299088
s03_8k_fastpool,17,tail_norm,0.00031999999191612005
s03_8k_fastpool,17,tail_conv,0.09763199836015701
s03_8k_fastpool,17,output_conv,0.21059200167655945
s03_8k_fastpool,17,shuffle_stage0,0.02627200074493885
s03_8k_fastpool,17,shuffle_stage1,0.026240000501275063
s03_8k_fastpool,18,input_rearrange,0.009920000098645687
s03_8k_fastpool,18,head_conv,0.049855999648571014
s03_8k_fastpool,18,body0_norm,0.00035200000274926424
s03_8k_fastpool,18,body0_conv,0.1013759970664978
s03_8k_fastpool,18,body0_activation,0.012000000104308128
s03_8k_fastpool,18,body1_norm,0.0012159999459981918
s03_8k_fastpool,18,body1_conv,0.1019200012087822
s03_8k_fastpool,18,body1_activation,0.010816000401973724
s03_8k_fastpool,18,body2_norm,0.00038400001358240843
s03_8k_fastpool,18,body2_conv,0.09839999675750732
s03_8k_fastpool,18,body2_activation,0.011103999800980091
s03_8k_fastpool,18,body3_norm,0.00035200000274926424
s03_8k_fastpool,18,body3_conv,0.09913600236177444
s03_8k_fastpool,18,body3_activation,0.009855999611318111
s03_8k_fastpool,18,thumbnail_pool,0.009824000298976898
s03_8k_fastpool,18,reference_encoder0,0.006560000125318766
s03_8k_fastpool,18,reference_encoder1,0.0025279999244958162
s03_8k_fastpool,18,reference_encoder2,0.012032000347971916
s03_8k_fastpool,18,reference_encoder3,0.003776000114157796
s03_8k_fastpool,18,reference_pool,0.011359999887645245
s03_8k_fastpool,18,reference_project,0.006111999973654747
s03_8k_fastpool,18,reference_resize,0.018112000077962875
s03_8k_fastpool,18,tail_norm,0.00031999999191612005
s03_8k_fastpool,18,tail_conv,0.09763199836015701
s03_8k_fastpool,18,output_conv,0.21059200167655945
s03_8k_fastpool,18,shuffle_stage0,0.026240000501275063
s03_8k_fastpool,18,shuffle_stage1,0.02627200074493885
s03_8k_fastpool,19,input_rearrange,0.008287999778985977
s03_8k_fastpool,19,head_conv,0.049855999648571014
s03_8k_fastpool,19,body0_norm,0.00035200000274926424
s03_8k_fastpool,19,body0_conv,0.09932799637317657
s03_8k_fastpool,19,body0_activation,0.011872000060975552
s03_8k_fastpool,19,body1_norm,0.0013439999893307686
s03_8k_fastpool,19,body1_conv,0.10179200023412704
s03_8k_fastpool,19,body1_activation,0.010847999714314938
s03_8k_fastpool,19,body2_norm,0.00035200000274926424
s03_8k_fastpool,19,body2_conv,0.09824000298976898
s03_8k_fastpool,19,body2_activation,0.01104000024497509
s03_8k_fastpool,19,body3_norm,0.00038400001358240843
s03_8k_fastpool,19,body3_conv,0.10131199657917023
s03_8k_fastpool,19,body3_activation,0.011744000017642975
s03_8k_fastpool,19,thumbnail_pool,0.009759999811649323
s03_8k_fastpool,19,reference_encoder0,0.006527999881654978
s03_8k_fastpool,19,reference_encoder1,0.002368000103160739
s03_8k_fastpool,19,reference_encoder2,0.01152000017464161
s03_8k_fastpool,19,reference_encoder3,0.0037120000924915075
s03_8k_fastpool,19,reference_pool,0.011455999687314034
s03_8k_fastpool,19,reference_project,0.006111999973654747
s03_8k_fastpool,19,reference_resize,0.018079999834299088
s03_8k_fastpool,19,tail_norm,0.00031999999191612005
s03_8k_fastpool,19,tail_conv,0.09967999905347824
s03_8k_fastpool,19,output_conv,0.21055999398231506
s03_8k_fastpool,19,shuffle_stage0,0.02627200074493885
s03_8k_fastpool,19,shuffle_stage1,0.02627200074493885
s03_best_fastpool,0,input_rearrange,0.007872000336647034
s03_best_fastpool,0,head_conv,0.05183999985456467
s03_best_fastpool,0,body0_norm,0.00035200000274926424
s03_best_fastpool,0,body0_conv,0.10140799731016159
s03_best_fastpool,0,body0_activation,0.01196799986064434
s03_best_fastpool,0,body1_norm,0.00038400001358240843
s03_best_fastpool,0,body1_conv,0.10185600072145462
s03_best_fastpool,0,body1_activation,0.010816000401973724
s03_best_fastpool,0,body2_norm,0.00035200000274926424
s03_best_fastpool,0,body2_conv,0.09836799651384354
s03_best_fastpool,0,body2_activation,0.011296000331640244
s03_best_fastpool,0,body3_norm,0.00038400001358240843
s03_best_fastpool,0,body3_conv,0.10108800232410431
s03_best_fastpool,0,body3_activation,0.011839999817311764
s03_best_fastpool,0,thumbnail_pool,0.009855999611318111
s03_best_fastpool,0,reference_encoder0,0.006304000038653612
s03_best_fastpool,0,reference_encoder1,0.002463999902829528
s03_best_fastpool,0,reference_encoder2,0.011839999817311764
s03_best_fastpool,0,reference_encoder3,0.003871999913826585
s03_best_fastpool,0,reference_pool,0.011359999887645245
s03_best_fastpool,0,reference_project,0.006175999995321035
s03_best_fastpool,0,reference_resize,0.018079999834299088
s03_best_fastpool,0,tail_norm,0.00031999999191612005
s03_best_fastpool,0,tail_conv,0.09967999905347824
s03_best_fastpool,0,output_conv,0.20854400098323822
s03_best_fastpool,0,shuffle_stage0,0.02627200074493885
s03_best_fastpool,0,shuffle_stage1,0.026240000501275063
s03_best_fastpool,1,input_rearrange,0.0074880002066493034
s03_best_fastpool,1,head_conv,0.049695998430252075
s03_best_fastpool,1,body0_norm,0.00035200000274926424
s03_best_fastpool,1,body0_conv,0.10140799731016159
s03_best_fastpool,1,body0_activation,0.011744000017642975
s03_best_fastpool,1,body1_norm,0.0014400000218302011
s03_best_fastpool,1,body1_conv,0.10380800068378448
s03_best_fastpool,1,body1_activation,0.010944000445306301
s03_best_fastpool,1,body2_norm,0.00038400001358240843
s03_best_fastpool,1,body2_conv,0.10054399818181992
s03_best_fastpool,1,body2_activation,0.010975999757647514
s03_best_fastpool,1,body3_norm,0.00038400001358240843
s03_best_fastpool,1,body3_conv,0.09916800260543823
s03_best_fastpool,1,body3_activation,0.011872000060975552
s03_best_fastpool,1,thumbnail_pool,0.00979200005531311
s03_best_fastpool,1,reference_encoder0,0.0063680000603199005
s03_best_fastpool,1,reference_encoder1,0.002463999902829528
s03_best_fastpool,1,reference_encoder2,0.01190400030463934
s03_best_fastpool,1,reference_encoder3,0.0037120000924915075
s03_best_fastpool,1,reference_pool,0.011487999930977821
s03_best_fastpool,1,reference_project,0.006144000217318535
s03_best_fastpool,1,reference_resize,0.018079999834299088
s03_best_fastpool,1,tail_norm,0.00035200000274926424
s03_best_fastpool,1,tail_conv,0.09967999905347824
s03_best_fastpool,1,output_conv,0.20854400098323822
s03_best_fastpool,1,shuffle_stage0,0.02627200074493885
s03_best_fastpool,1,shuffle_stage1,0.02627200074493885
s03_best_fastpool,2,input_rearrange,0.008448000065982342
s03_best_fastpool,2,head_conv,0.04995200037956238
s03_best_fastpool,2,body0_norm,0.00035200000274926424
s03_best_fastpool,2,body0_conv,0.1013759970664978
s03_best_fastpool,2,body0_activation,0.012032000347971916
s03_best_fastpool,2,body1_norm,0.0012159999459981918
s03_best_fastpool,2,body1_conv,0.10393600165843964
s03_best_fastpool,2,body1_activation,0.011008000001311302
s03_best_fastpool,2,body2_norm,0.00038400001358240843
s03_best_fastpool,2,body2_conv,0.09843199700117111
s03_best_fastpool,2,body2_activation,0.011008000001311302
s03_best_fastpool,2,body3_norm,0.00038400001358240843
s03_best_fastpool,2,body3_conv,0.10326399654150009
s03_best_fastpool,2,body3_activation,0.011744000017642975
s03_best_fastpool,2,thumbnail_pool,0.009824000298976898
s03_best_fastpool,2,reference_encoder0,0.0063680000603199005
s03_best_fastpool,2,reference_encoder1,0.002400000113993883
s03_best_fastpool,2,reference_encoder2,0.011487999930977821
s03_best_fastpool,2,reference_encoder3,0.003903999924659729
s03_best_fastpool,2,reference_pool,0.011327999643981457
s03_best_fastpool,2,reference_project,0.006144000217318535
s03_best_fastpool,2,reference_resize,0.018079999834299088
s03_best_fastpool,2,tail_norm,0.00035200000274926424
s03_best_fastpool,2,tail_conv,0.09763199836015701
s03_best_fastpool,2,output_conv,0.206496000289917
s03_best_fastpool,2,shuffle_stage0,0.02627200074493885
s03_best_fastpool,2,shuffle_stage1,0.02627200074493885
s03_best_fastpool,3,input_rearrange,0.010048000141978264
s03_best_fastpool,3,head_conv,0.0498879998922348
s03_best_fastpool,3,body0_norm,0.00035200000274926424
s03_best_fastpool,3,body0_conv,0.10342399775981903
s03_best_fastpool,3,body0_activation,0.011776000261306763
s03_best_fastpool,3,body1_norm,0.0011840000515803695
s03_best_fastpool,3,body1_conv,0.10406400263309479
s03_best_fastpool,3,body1_activation,0.011103999800980091
s03_best_fastpool,3,body2_norm,0.00035200000274926424
s03_best_fastpool,3,body2_conv,0.1003199964761734
s03_best_fastpool,3,body2_activation,0.011136000044643879
s03_best_fastpool,3,body3_norm,0.00035200000274926424
s03_best_fastpool,3,body3_conv,0.10131199657917023
s03_best_fastpool,3,body3_activation,0.010143999941647053
s03_best_fastpool,3,thumbnail_pool,0.009600000455975533
s03_best_fastpool,3,reference_encoder0,0.006496000103652477
s03_best_fastpool,3,reference_encoder1,0.002495999913662672
s03_best_fastpool,3,reference_encoder2,0.011935999616980553
s03_best_fastpool,3,reference_encoder3,0.0036800000816583633
s03_best_fastpool,3,reference_pool,0.011487999930977821
s03_best_fastpool,3,reference_project,0.006144000217318535
s03_best_fastpool,3,reference_resize,0.018079999834299088
s03_best_fastpool,3,tail_norm,0.00035200000274926424
s03_best_fastpool,3,tail_conv,0.0976639986038208
s03_best_fastpool,3,output_conv,0.2064639925956726
s03_best_fastpool,3,shuffle_stage0,0.02627200074493885
s03_best_fastpool,3,shuffle_stage1,0.02627200074493885
s03_best_fastpool,4,input_rearrange,0.009503999724984169
s03_best_fastpool,4,head_conv,0.04972799867391586
s03_best_fastpool,4,body0_norm,0.00035200000274926424
s03_best_fastpool,4,body0_conv,0.10121600329875946
s03_best_fastpool,4,body0_activation,0.012000000104308128
s03_best_fastpool,4,body1_norm,0.0013119999784976244
s03_best_fastpool,4,body1_conv,0.10384000092744827
s03_best_fastpool,4,body1_activation,0.010975999757647514
s03_best_fastpool,4,body2_norm,0.00035200000274926424
s03_best_fastpool,4,body2_conv,0.10038399696350098
s03_best_fastpool,4,body2_activation,0.011071999557316303
s03_best_fastpool,4,body3_norm,0.00038400001358240843
s03_best_fastpool,4,body3_conv,0.10105600208044052
s03_best_fastpool,4,body3_activation,0.011839999817311764
s03_best_fastpool,4,thumbnail_pool,0.009952000342309475
s03_best_fastpool,4,reference_encoder0,0.006432000081986189
s03_best_fastpool,4,reference_encoder1,0.0023360000923275948
s03_best_fastpool,4,reference_encoder2,0.01360000018030405
s03_best_fastpool,4,reference_encoder3,0.003936000168323517
s03_best_fastpool,4,reference_pool,0.011327999643981457
s03_best_fastpool,4,reference_project,0.006144000217318535
s03_best_fastpool,4,reference_resize,0.018079999834299088
s03_best_fastpool,4,tail_norm,0.00035200000274926424
s03_best_fastpool,4,tail_conv,0.09967999905347824
s03_best_fastpool,4,output_conv,0.20851199328899384
s03_best_fastpool,4,shuffle_stage0,0.02627200074493885
s03_best_fastpool,4,shuffle_stage1,0.026240000501275063
s03_best_fastpool,5,input_rearrange,0.0080960001796484
s03_best_fastpool,5,head_conv,0.04950400069355965
s03_best_fastpool,5,body0_norm,0.00031999999191612005
s03_best_fastpool,5,body0_conv,0.10140799731016159
s03_best_fastpool,5,body0_activation,0.011807999573647976
s03_best_fastpool,5,body1_norm,0.0011840000515803695
s03_best_fastpool,5,body1_conv,0.10201600193977356
s03_best_fastpool,5,body1_activation,0.011103999800980091
s03_best_fastpool,5,body2_norm,0.00038400001358240843
s03_best_fastpool,5,body2_conv,0.10041599720716476
s03_best_fastpool,5,body2_activation,0.011136000044643879
s03_best_fastpool,5,body3_norm,0.00035200000274926424
s03_best_fastpool,5,body3_conv,0.09920000284910202
s03_best_fastpool,5,body3_activation,0.009920000098645687
s03_best_fastpool,5,thumbnail_pool,0.00979200005531311
s03_best_fastpool,5,reference_encoder0,0.006432000081986189
s03_best_fastpool,5,reference_encoder1,0.002368000103160739
s03_best_fastpool,5,reference_encoder2,0.01190400030463934
s03_best_fastpool,5,reference_encoder3,0.0037120000924915075
s03_best_fastpool,5,reference_pool,0.01142400037497282
s03_best_fastpool,5,reference_project,0.006144000217318535
s03_best_fastpool,5,reference_resize,0.018079999834299088
s03_best_fastpool,5,tail_norm,0.00035200000274926424
s03_best_fastpool,5,tail_conv,0.09967999905347824
s03_best_fastpool,5,output_conv,0.20851199328899384
s03_best_fastpool,5,shuffle_stage0,0.02627200074493885
s03_best_fastpool,5,shuffle_stage1,0.02627200074493885
s03_best_fastpool,6,input_rearrange,0.008063999935984612
s03_best_fastpool,6,head_conv,0.050016000866889954
s03_best_fastpool,6,body0_norm,0.00035200000274926424
s03_best_fastpool,6,body0_conv,0.10150399804115295
s03_best_fastpool,6,body0_activation,0.011872000060975552
s03_best_fastpool,6,body1_norm,0.0012159999459981918
s03_best_fastpool,6,body1_conv,0.10185600072145462
s03_best_fastpool,6,body1_activation,0.010751999914646149
s03_best_fastpool,6,body2_norm,0.00038400001358240843
s03_best_fastpool,6,body2_conv,0.0984639972448349
s03_best_fastpool,6,body2_activation,0.011103999800980091
s03_best_fastpool,6,body3_norm,0.00035200000274926424
s03_best_fastpool,6,body3_conv,0.0992640033364296
s03_best_fastpool,6,body3_activation,0.011648000217974186
s03_best_fastpool,6,thumbnail_pool,0.0098879998549819
s03_best_fastpool,6,reference_encoder0,0.006496000103652477
s03_best_fastpool,6,reference_encoder1,0.002463999902829528
s03_best_fastpool,6,reference_encoder2,0.011552000418305397
s03_best_fastpool,6,reference_encoder3,0.003903999924659729
s03_best_fastpool,6,reference_pool,0.011327999643981457
s03_best_fastpool,6,reference_project,0.006144000217318535
s03_best_fastpool,6,reference_resize,0.018079999834299088
s03_best_fastpool,6,tail_norm,0.00035200000274926424
s03_best_fastpool,6,tail_conv,0.09967999905347824
s03_best_fastpool,6,output_conv,0.20854400098323822
s03_best_fastpool,6,shuffle_stage0,0.02627200074493885
s03_best_fastpool,6,shuffle_stage1,0.02627200074493885
s03_best_fastpool,7,input_rearrange,0.009151999838650227
s03_best_fastpool,7,head_conv,0.04972799867391586
s03_best_fastpool,7,body0_norm,0.00035200000274926424
s03_best_fastpool,7,body0_conv,0.1013759970664978
s03_best_fastpool,7,body0_activation,0.011776000261306763
s03_best_fastpool,7,body1_norm,0.0012159999459981918
s03_best_fastpool,7,body1_conv,0.10201600193977356
s03_best_fastpool,7,body1_activation,0.011008000001311302
s03_best_fastpool,7,body2_norm,0.00038400001358240843
s03_best_fastpool,7,body2_conv,0.09830400347709656
s03_best_fastpool,7,body2_activation,0.011103999800980091
s03_best_fastpool,7,body3_norm,0.00038400001358240843
s03_best_fastpool,7,body3_conv,0.09923200309276581
s03_best_fastpool,7,body3_activation,0.0098879998549819
s03_best_fastpool,7,thumbnail_pool,0.009631999768316746
s03_best_fastpool,7,reference_encoder0,0.006463999859988689
s03_best_fastpool,7,reference_encoder1,0.002463999902829528
s03_best_fastpool,7,reference_encoder2,0.011935999616980553
s03_best_fastpool,7,reference_encoder3,0.0037120000924915075
s03_best_fastpool,7,reference_pool,0.011455999687314034
s03_best_fastpool,7,reference_project,0.006144000217318535
s03_best_fastpool,7,reference_resize,0.018079999834299088
s03_best_fastpool,7,tail_norm,0.00031999999191612005
s03_best_fastpool,7,tail_conv,0.09967999905347824
s03_best_fastpool,7,output_conv,0.20854400098323822
s03_best_fastpool,7,shuffle_stage0,0.02627200074493885
s03_best_fastpool,7,shuffle_stage1,0.02627200074493885
s03_best_fastpool,8,input_rearrange,0.009696000255644321
s03_best_fastpool,8,head_conv,0.04995200037956238
s03_best_fastpool,8,body0_norm,0.00035200000274926424
s03_best_fastpool,8,body0_conv,0.10140799731016159
s03_best_fastpool,8,body0_activation,0.012000000104308128
s03_best_fastpool,8,body1_norm,0.0011840000515803695
s03_best_fastpool,8,body1_conv,0.10188800096511841
s03_best_fastpool,8,body1_activation,0.010751999914646149
s03_best_fastpool,8,body2_norm,0.00038400001358240843
s03_best_fastpool,8,body2_conv,0.09830400347709656
s03_best_fastpool,8,body2_activation,0.010975999757647514
s03_best_fastpool,8,body3_norm,0.00038400001358240843
s03_best_fastpool,8,body3_conv,0.09916800260543823
s03_best_fastpool,8,body3_activation,0.0098879998549819
s03_best_fastpool,8,thumbnail_pool,0.009824000298976898
s03_best_fastpool,8,reference_encoder0,0.006463999859988689
s03_best_fastpool,8,reference_encoder1,0.002400000113993883
s03_best_fastpool,8,reference_encoder2,0.01158399973064661
s03_best_fastpool,8,reference_encoder3,0.003903999924659729
s03_best_fastpool,8,reference_pool,0.011327999643981457
s03_best_fastpool,8,reference_project,0.006144000217318535
s03_best_fastpool,8,reference_resize,0.018079999834299088
s03_best_fastpool,8,tail_norm,0.00035200000274926424
s03_best_fastpool,8,tail_conv,0.0976639986038208
s03_best_fastpool,8,output_conv,0.2064639925956726
s03_best_fastpool,8,shuffle_stage0,0.02627200074493885
s03_best_fastpool,8,shuffle_stage1,0.02627200074493885
s03_best_fastpool,9,input_rearrange,0.008320000022649765
s03_best_fastpool,9,head_conv,0.05011200159788132
s03_best_fastpool,9,body0_norm,0.00035200000274926424
s03_best_fastpool,9,body0_conv,0.10134399682283401
s03_best_fastpool,9,body0_activation,0.011839999817311764
s03_best_fastpool,9,body1_norm,0.0011840000515803695
s03_best_fastpool,9,body1_conv,0.1019200012087822
s03_best_fastpool,9,body1_activation,0.010975999757647514
s03_best_fastpool,9,body2_norm,0.00035200000274926424
s03_best_fastpool,9,body2_conv,0.09833600372076035
s03_best_fastpool,9,body2_activation,0.011168000288307667
s03_best_fastpool,9,body3_norm,0.00035200000274926424
s03_best_fastpool,9,body3_conv,0.0992640033364296
s03_best_fastpool,9,body3_activation,0.009983999654650688
s03_best_fastpool,9,thumbnail_pool,0.00979200005531311
s03_best_fastpool,9,reference_encoder0,0.006496000103652477
s03_best_fastpool,9,reference_encoder1,0.0024319998919963837
s03_best_fastpool,9,reference_encoder2,0.01158399973064661
s03_best_fastpool,9,reference_encoder3,0.0037120000924915075
s03_best_fastpool,9,reference_pool,0.01152000017464161
s03_best_fastpool,9,reference_project,0.006144000217318535
s03_best_fastpool,9,reference_resize,0.0180479995906353
s03_best_fastpool,9,tail_norm,0.00031999999191612005
s03_best_fastpool,9,tail_conv,0.09967999905347824
s03_best_fastpool,9,output_conv,0.20854400098323822
s03_best_fastpool,9,shuffle_stage0,0.02627200074493885
s03_best_fastpool,9,shuffle_stage1,0.02627200074493885
s03_best_fastpool,10,input_rearrange,0.008287999778985977
s03_best_fastpool,10,head_conv,0.04972799867391586
s03_best_fastpool,10,body0_norm,0.00035200000274926424
s03_best_fastpool,10,body0_conv,0.10147199779748917
s03_best_fastpool,10,body0_activation,0.01190400030463934
s03_best_fastpool,10,body1_norm,0.0012159999459981918
s03_best_fastpool,10,body1_conv,0.10188800096511841
s03_best_fastpool,10,body1_activation,0.010975999757647514
s03_best_fastpool,10,body2_norm,0.00035200000274926424
s03_best_fastpool,10,body2_conv,0.09836799651384354
s03_best_fastpool,10,body2_activation,0.01104000024497509
s03_best_fastpool,10,body3_norm,0.00035200000274926424
s03_best_fastpool,10,body3_conv,0.09929600358009338
s03_best_fastpool,10,body3_activation,0.00979200005531311
s03_best_fastpool,10,thumbnail_pool,0.009855999611318111
s03_best_fastpool,10,reference_encoder0,0.006527999881654978
s03_best_fastpool,10,reference_encoder1,0.002495999913662672
s03_best_fastpool,10,reference_encoder2,0.013504000380635262
s03_best_fastpool,10,reference_encoder3,0.003871999913826585
s03_best_fastpool,10,reference_pool,0.011327999643981457
s03_best_fastpool,10,reference_project,0.006144000217318535
s03_best_fastpool,10,reference_resize,0.018079999834299088
s03_best_fastpool,10,tail_norm,0.00031999999191612005
s03_best_fastpool,10,tail_conv,0.09967999905347824
s03_best_fastpool,10,output_conv,0.206496000289917
s03_best_fastpool,10,shuffle_stage0,0.02627200074493885
s03_best_fastpool,10,shuffle_stage1,0.026240000501275063
s03_best_fastpool,11,input_rearrange,0.008287999778985977
s03_best_fastpool,11,head_conv,0.05011200159788132
s03_best_fastpool,11,body0_norm,0.00035200000274926424
s03_best_fastpool,11,body0_conv,0.10134399682283401
s03_best_fastpool,11,body0_activation,0.011776000261306763
s03_best_fastpool,11,body1_norm,0.0012159999459981918
s03_best_fastpool,11,body1_conv,0.10198400169610977
s03_best_fastpool,11,body1_activation,0.011168000288307667
s03_best_fastpool,11,body2_norm,0.00038400001358240843
s03_best_fastpool,11,body2_conv,0.09830400347709656
s03_best_fastpool,11,body2_activation,0.01104000024497509
s03_best_fastpool,11,body3_norm,0.00038400001358240843
s03_best_fastpool,11,body3_conv,0.0992640033364296
s03_best_fastpool,11,body3_activation,0.011807999573647976
s03_best_fastpool,11,thumbnail_pool,0.009824000298976898
s03_best_fastpool,11,reference_encoder0,0.006496000103652477
s03_best_fastpool,11,reference_encoder1,0.0020800000056624413
s03_best_fastpool,11,reference_encoder2,0.011552000418305397
s03_best_fastpool,11,reference_encoder3,0.0037440001033246517
s03_best_fastpool,11,reference_pool,0.011487999930977821
s03_best_fastpool,11,reference_project,0.006144000217318535
s03_best_fastpool,11,reference_resize,0.018079999834299088
s03_best_fastpool,11,tail_norm,0.00031999999191612005
s03_best_fastpool,11,tail_conv,0.09967999905347824
s03_best_fastpool,11,output_conv,0.206496000289917
s03_best_fastpool,11,shuffle_stage0,0.02627200074493885
s03_best_fastpool,11,shuffle_stage1,0.02627200074493885
s03_best_fastpool,12,input_rearrange,0.008191999979317188
s03_best_fastpool,12,head_conv,0.049984000623226166
s03_best_fastpool,12,body0_norm,0.00031999999191612005
s03_best_fastpool,12,body0_conv,0.10355199873447418
s03_best_fastpool,12,body0_activation,0.011872000060975552
s03_best_fastpool,12,body1_norm,0.0012159999459981918
s03_best_fastpool,12,body1_conv,0.1019200012087822
s03_best_fastpool,12,body1_activation,0.010879999957978725
s03_best_fastpool,12,body2_norm,0.00038400001358240843
s03_best_fastpool,12,body2_conv,0.10063999891281128
s03_best_fastpool,12,body2_activation,0.01071999967098236
s03_best_fastpool,12,body3_norm,0.00038400001358240843
s03_best_fastpool,12,body3_conv,0.10108800232410431
s03_best_fastpool,12,body3_activation,0.01190400030463934
s03_best_fastpool,12,thumbnail_pool,0.0098879998549819
s03_best_fastpool,12,reference_encoder0,0.0063680000603199005
s03_best_fastpool,12,reference_encoder1,0.002463999902829528
s03_best_fastpool,12,reference_encoder2,0.011392000131309032
s03_best_fastpool,12,reference_encoder3,0.0038079998921602964
s03_best_fastpool,12,reference_pool,0.011359999887645245
s03_best_fastpool,12,reference_project,0.006144000217318535
s03_best_fastpool,12,reference_resize,0.0180479995906353
s03_best_fastpool,12,tail_norm,0.00031999999191612005
s03_best_fastpool,12,tail_conv,0.09967999905347824
s03_best_fastpool,12,output_conv,0.20851199328899384
s03_best_fastpool,12,shuffle_stage0,0.02627200074493885
s03_best_fastpool,12,shuffle_stage1,0.026240000501275063
s03_best_fastpool,13,input_rearrange,0.009184000082314014
s03_best_fastpool,13,head_conv,0.049855999648571014
s03_best_fastpool,13,body0_norm,0.00035200000274926424
s03_best_fastpool,13,body0_conv,0.10140799731016159
s03_best_fastpool,13,body0_activation,0.011839999817311764
s03_best_fastpool,13,body1_norm,0.0012159999459981918
s03_best_fastpool,13,body1_conv,0.10188800096511841
s03_best_fastpool,13,body1_activation,0.010816000401973724
s03_best_fastpool,13,body2_norm,0.00038400001358240843
s03_best_fastpool,13,body2_conv,0.09830400347709656
s03_best_fastpool,13,body2_activation,0.010944000445306301
s03_best_fastpool,13,body3_norm,0.00035200000274926424
s03_best_fastpool,13,body3_conv,0.09920000284910202
s03_best_fastpool,13,body3_activation,0.009920000098645687
s03_best_fastpool,13,thumbnail_pool,0.00979200005531311
s03_best_fastpool,13,reference_encoder0,0.006432000081986189
s03_best_fastpool,13,reference_encoder1,0.0023360000923275948
s03_best_fastpool,13,reference_encoder2,0.01196799986064434
s03_best_fastpool,13,reference_encoder3,0.0037440001033246517
s03_best_fastpool,13,reference_pool,0.011487999930977821
s03_best_fastpool,13,reference_project,0.006175999995321035
s03_best_fastpool,13,reference_resize,0.018079999834299088
s03_best_fastpool,13,tail_norm,0.00035200000274926424
s03_best_fastpool,13,tail_conv,0.09763199836015701
s03_best_fastpool,13,output_conv,0.2064639925956726
s03_best_fastpool,13,shuffle_stage0,0.02627200074493885
s03_best_fastpool,13,shuffle_stage1,0.02627200074493885
s03_best_fastpool,14,input_rearrange,0.008224000222980976
s03_best_fastpool,14,head_conv,0.04960000142455101
s03_best_fastpool,14,body0_norm,0.00035200000274926424
s03_best_fastpool,14,body0_conv,0.10342399775981903
s03_best_fastpool,14,body0_activation,0.012160000391304493
s03_best_fastpool,14,body1_norm,0.0013760000001639128
s03_best_fastpool,14,body1_conv,0.10156799852848053
s03_best_fastpool,14,body1_activation,0.01104000024497509
s03_best_fastpool,14,body2_norm,0.00038400001358240843
s03_best_fastpool,14,body2_conv,0.10041599720716476
s03_best_fastpool,14,body2_activation,0.011136000044643879
s03_best_fastpool,14,body3_norm,0.00035200000274926424
s03_best_fastpool,14,body3_conv,0.09916800260543823
s03_best_fastpool,14,body3_activation,0.0098879998549819
s03_best_fastpool,14,thumbnail_pool,0.009759999811649323
s03_best_fastpool,14,reference_encoder0,0.006527999881654978
s03_best_fastpool,14,reference_encoder1,0.002495999913662672
s03_best_fastpool,14,reference_encoder2,0.013407999649643898
s03_best_fastpool,14,reference_encoder3,0.003871999913826585
s03_best_fastpool,14,reference_pool,0.011327999643981457
s03_best_fastpool,14,reference_project,0.006144000217318535
s03_best_fastpool,14,reference_resize,0.0180479995906353
s03_best_fastpool,14,tail_norm,0.00031999999191612005
s03_best_fastpool,14,tail_conv,0.09967999905347824
s03_best_fastpool,14,output_conv,0.20854400098323822
s03_best_fastpool,14,shuffle_stage0,0.02627200074493885
s03_best_fastpool,14,shuffle_stage1,0.02627200074493885
s03_best_fastpool,15,input_rearrange,0.00825599953532219
s03_best_fastpool,15,head_conv,0.04992000013589859
s03_best_fastpool,15,body0_norm,0.00035200000274926424
s03_best_fastpool,15,body0_conv,0.1032319962978363
s03_best_fastpool,15,body0_activation,0.011807999573647976
s03_best_fastpool,15,body1_norm,0.0011840000515803695
s03_best_fastpool,15,body1_conv,0.10400000214576721
s03_best_fastpool,15,body1_activation,0.011103999800980091
s03_best_fastpool,15,body2_norm,0.00035200000274926424
s03_best_fastpool,15,body2_conv,0.09830400347709656
s03_best_fastpool,15,body2_activation,0.011103999800980091
s03_best_fastpool,15,body3_norm,0.00035200000274926424
s03_best_fastpool,15,body3_conv,0.09920000284910202
s03_best_fastpool,15,body3_activation,0.009920000098645687
s03_best_fastpool,15,thumbnail_pool,0.009824000298976898
s03_best_fastpool,15,reference_encoder0,0.006496000103652477
s03_best_fastpool,15,reference_encoder1,0.002463999902829528
s03_best_fastpool,15,reference_encoder2,0.011807999573647976
s03_best_fastpool,15,reference_encoder3,0.0037120000924915075
s03_best_fastpool,15,reference_pool,0.011935999616980553
s03_best_fastpool,15,reference_project,0.006144000217318535
s03_best_fastpool,15,reference_resize,0.018079999834299088
s03_best_fastpool,15,tail_norm,0.00031999999191612005
s03_best_fastpool,15,tail_conv,0.09967999905347824
s03_best_fastpool,15,output_conv,0.2064639925956726
s03_best_fastpool,15,shuffle_stage0,0.02627200074493885
s03_best_fastpool,15,shuffle_stage1,0.02627200074493885
s03_best_fastpool,16,input_rearrange,0.009312000125646591
s03_best_fastpool,16,head_conv,0.04992000013589859
s03_best_fastpool,16,body0_norm,0.00035200000274926424
s03_best_fastpool,16,body0_conv,0.10335999727249146
s03_best_fastpool,16,body0_activation,0.012000000104308128
s03_best_fastpool,16,body1_norm,0.001247999956831336
s03_best_fastpool,16,body1_conv,0.10390400141477585
s03_best_fastpool,16,body1_activation,0.010944000445306301
s03_best_fastpool,16,body2_norm,0.00035200000274926424
s03_best_fastpool,16,body2_conv,0.10035199671983719
s03_best_fastpool,16,body2_activation,0.011103999800980091
s03_best_fastpool,16,body3_norm,0.00038400001358240843
s03_best_fastpool,16,body3_conv,0.10124800354242325
s03_best_fastpool,16,body3_activation,0.011872000060975552
s03_best_fastpool,16,thumbnail_pool,0.0098879998549819
s03_best_fastpool,16,reference_encoder0,0.006496000103652477
s03_best_fastpool,16,reference_encoder1,0.002240000059828162
s03_best_fastpool,16,reference_encoder2,0.013407999649643898
s03_best_fastpool,16,reference_encoder3,0.0038399999029934406
s03_best_fastpool,16,reference_pool,0.011359999887645245
s03_best_fastpool,16,reference_project,0.006144000217318535
s03_best_fastpool,16,reference_resize,0.018079999834299088
s03_best_fastpool,16,tail_norm,0.00031999999191612005
s03_best_fastpool,16,tail_conv,0.09967999905347824
s03_best_fastpool,16,output_conv,0.21055999398231506
s03_best_fastpool,16,shuffle_stage0,0.02627200074493885
s03_best_fastpool,16,shuffle_stage1,0.02627200074493885
s03_best_fastpool,17,input_rearrange,0.007807999849319458
s03_best_fastpool,17,head_conv,0.04972799867391586
s03_best_fastpool,17,body0_norm,0.00035200000274926424
s03_best_fastpool,17,body0_conv,0.10140799731016159
s03_best_fastpool,17,body0_activation,0.011807999573647976
s03_best_fastpool,17,body1_norm,0.0010560000082477927
s03_best_fastpool,17,body1_conv,0.10214400291442871
s03_best_fastpool,17,body1_activation,0.010944000445306301
s03_best_fastpool,17,body2_norm,0.00038400001358240843
s03_best_fastpool,17,body2_conv,0.09836799651384354
s03_best_fastpool,17,body2_activation,0.010879999957978725
s03_best_fastpool,17,body3_norm,0.00035200000274926424
s03_best_fastpool,17,body3_conv,0.09920000284910202
s03_best_fastpool,17,body3_activation,0.009983999654650688
s03_best_fastpool,17,thumbnail_pool,0.00979200005531311
s03_best_fastpool,17,reference_encoder0,0.006527999881654978
s03_best_fastpool,17,reference_encoder1,0.002368000103160739
s03_best_fastpool,17,reference_encoder2,0.013439999893307686
s03_best_fastpool,17,reference_encoder3,0.0037440001033246517
s03_best_fastpool,17,reference_pool,0.011487999930977821
s03_best_fastpool,17,reference_project,0.006144000217318535
s03_best_fastpool,17,reference_resize,0.018079999834299088
s03_best_fastpool,17,tail_norm,0.00035200000274926424
s03_best_fastpool,17,tail_conv,0.09967999905347824
s03_best_fastpool,17,output_conv,0.206496000289917
s03_best_fastpool,17,shuffle_stage0,0.026240000501275063
s03_best_fastpool,17,shuffle_stage1,0.02630399912595749
s03_best_fastpool,18,input_rearrange,0.008224000222980976
s03_best_fastpool,18,head_conv,0.04982399940490723
s03_best_fastpool,18,body0_norm,0.00035200000274926424
s03_best_fastpool,18,body0_conv,0.10134399682283401
s03_best_fastpool,18,body0_activation,0.012000000104308128
s03_best_fastpool,18,body1_norm,0.0011520000407472253
s03_best_fastpool,18,body1_conv,0.10195200145244598
s03_best_fastpool,18,body1_activation,0.011008000001311302
s03_best_fastpool,18,body2_norm,0.00038400001358240843
s03_best_fastpool,18,body2_conv,0.09839999675750732
s03_best_fastpool,18,body2_activation,0.010944000445306301
s03_best_fastpool,18,body3_norm,0.00038400001358240843
s03_best_fastpool,18,body3_conv,0.10124800354242325
s03_best_fastpool,18,body3_activation,0.011680000461637974
s03_best_fastpool,18,thumbnail_pool,0.0098879998549819
s03_best_fastpool,18,reference_encoder0,0.006527999881654978
s03_best_fastpool,18,reference_encoder1,0.0023360000923275948
s03_best_fastpool,18,reference_encoder2,0.011648000217974186
s03_best_fastpool,18,reference_encoder3,0.0038399999029934406
s03_best_fastpool,18,reference_pool,0.011327999643981457
s03_best_fastpool,18,reference_project,0.006144000217318535
s03_best_fastpool,18,reference_resize,0.018079999834299088
s03_best_fastpool,18,tail_norm,0.00035200000274926424
s03_best_fastpool,18,tail_conv,0.09967999905347824
s03_best_fastpool,18,output_conv,0.20854400098323822
s03_best_fastpool,18,shuffle_stage0,0.02627200074493885
s03_best_fastpool,18,shuffle_stage1,0.02627200074493885
s03_best_fastpool,19,input_rearrange,0.008063999935984612
s03_best_fastpool,19,head_conv,0.049695998430252075
s03_best_fastpool,19,body0_norm,0.00031999999191612005
s03_best_fastpool,19,body0_conv,0.10140799731016159
s03_best_fastpool,19,body0_activation,0.011776000261306763
s03_best_fastpool,19,body1_norm,0.0013439999893307686
s03_best_fastpool,19,body1_conv,0.10185600072145462
s03_best_fastpool,19,body1_activation,0.011103999800980091
s03_best_fastpool,19,body2_norm,0.00038400001358240843
s03_best_fastpool,19,body2_conv,0.10019200295209885
s03_best_fastpool,19,body2_activation,0.011008000001311302
s03_best_fastpool,19,body3_norm,0.00035200000274926424
s03_best_fastpool,19,body3_conv,0.0992640033364296
s03_best_fastpool,19,body3_activation,0.009920000098645687
s03_best_fastpool,19,thumbnail_pool,0.009759999811649323
s03_best_fastpool,19,reference_encoder0,0.006591999903321266
s03_best_fastpool,19,reference_encoder1,0.0022720000706613064
s03_best_fastpool,19,reference_encoder2,0.011615999974310398
s03_best_fastpool,19,reference_encoder3,0.0037440001033246517
s03_best_fastpool,19,reference_pool,0.011487999930977821
s03_best_fastpool,19,reference_project,0.006175999995321035
s03_best_fastpool,19,reference_resize,0.018079999834299088
s03_best_fastpool,19,tail_norm,0.00031999999191612005
s03_best_fastpool,19,tail_conv,0.09967999905347824
s03_best_fastpool,19,output_conv,0.206496000289917
s03_best_fastpool,19,shuffle_stage0,0.02627200074493885
s03_best_fastpool,19,shuffle_stage1,0.02627200074493885
s03_last_fastpool,0,input_rearrange,0.008063999935984612
s03_last_fastpool,0,head_conv,0.05167999863624573
s03_last_fastpool,0,body0_norm,0.00035200000274926424
s03_last_fastpool,0,body0_conv,0.10140799731016159
s03_last_fastpool,0,body0_activation,0.012032000347971916
s03_last_fastpool,0,body1_norm,0.00035200000274926424
s03_last_fastpool,0,body1_conv,0.10153599828481674
s03_last_fastpool,0,body1_activation,0.010847999714314938
s03_last_fastpool,0,body2_norm,0.00038400001358240843
s03_last_fastpool,0,body2_conv,0.10025600343942642
s03_last_fastpool,0,body2_activation,0.011071999557316303
s03_last_fastpool,0,body3_norm,0.00035200000274926424
s03_last_fastpool,0,body3_conv,0.09916800260543823
s03_last_fastpool,0,body3_activation,0.009855999611318111
s03_last_fastpool,0,thumbnail_pool,0.009824000298976898
s03_last_fastpool,0,reference_encoder0,0.006591999903321266
s03_last_fastpool,0,reference_encoder1,0.0020800000056624413
s03_last_fastpool,0,reference_encoder2,0.01158399973064661
s03_last_fastpool,0,reference_encoder3,0.004000000189989805
s03_last_fastpool,0,reference_pool,0.01119999960064888
s03_last_fastpool,0,reference_project,0.006144000217318535
s03_last_fastpool,0,reference_resize,0.018079999834299088
s03_last_fastpool,0,tail_norm,0.00035200000274926424
s03_last_fastpool,0,tail_conv,0.09763199836015701
s03_last_fastpool,0,output_conv,0.21055999398231506
s03_last_fastpool,0,shuffle_stage0,0.02627200074493885
s03_last_fastpool,0,shuffle_stage1,0.02627200074493885
s03_last_fastpool,1,input_rearrange,0.008352000266313553
s03_last_fastpool,1,head_conv,0.049855999648571014
s03_last_fastpool,1,body0_norm,0.00035200000274926424
s03_last_fastpool,1,body0_conv,0.10339199751615524
s03_last_fastpool,1,body0_activation,0.011776000261306763
s03_last_fastpool,1,body1_norm,0.0012159999459981918
s03_last_fastpool,1,body1_conv,0.10400000214576721
s03_last_fastpool,1,body1_activation,0.010912000201642513
s03_last_fastpool,1,body2_norm,0.00035200000274926424
s03_last_fastpool,1,body2_conv,0.10035199671983719
s03_last_fastpool,1,body2_activation,0.011231999844312668
s03_last_fastpool,1,body3_norm,0.00038400001358240843
s03_last_fastpool,1,body3_conv,0.09913600236177444
s03_last_fastpool,1,body3_activation,0.010015999898314476
s03_last_fastpool,1,thumbnail_pool,0.009759999811649323
s03_last_fastpool,1,reference_encoder0,0.006496000103652477
s03_last_fastpool,1,reference_encoder1,0.0024319998919963837
s03_last_fastpool,1,reference_encoder2,0.011935999616980553
s03_last_fastpool,1,reference_encoder3,0.0037440001033246517
s03_last_fastpool,1,reference_pool,0.011487999930977821
s03_last_fastpool,1,reference_project,0.006144000217318535
s03_last_fastpool,1,reference_resize,0.018079999834299088
s03_last_fastpool,1,tail_norm,0.00031999999191612005
s03_last_fastpool,1,tail_conv,0.09967999905347824
s03_last_fastpool,1,output_conv,0.21059200167655945
s03_last_fastpool,1,shuffle_stage0,0.02627200074493885
s03_last_fastpool,1,shuffle_stage1,0.02627200074493885
s03_last_fastpool,2,input_rearrange,0.008063999935984612
s03_last_fastpool,2,head_conv,0.04982399940490723
s03_last_fastpool,2,body0_norm,0.00035200000274926424
s03_last_fastpool,2,body0_conv,0.10345599800348282
s03_last_fastpool,2,body0_activation,0.012032000347971916
s03_last_fastpool,2,body1_norm,0.0012159999459981918
s03_last_fastpool,2,body1_conv,0.10592000186443329
s03_last_fastpool,2,body1_activation,0.010944000445306301
s03_last_fastpool,2,body2_norm,0.00038400001358240843
s03_last_fastpool,2,body2_conv,0.09836799651384354
s03_last_fastpool,2,body2_activation,0.011103999800980091
s03_last_fastpool,2,body3_norm,0.00035200000274926424
s03_last_fastpool,2,body3_conv,0.10118400305509567
s03_last_fastpool,2,body3_activation,0.009920000098645687
s03_last_fastpool,2,thumbnail_pool,0.00979200005531311
s03_last_fastpool,2,reference_encoder0,0.006240000016987324
s03_last_fastpool,2,reference_encoder1,0.002463999902829528
s03_last_fastpool,2,reference_encoder2,0.011744000017642975
s03_last_fastpool,2,reference_encoder3,0.003903999924659729
s03_last_fastpool,2,reference_pool,0.011296000331640244
s03_last_fastpool,2,reference_project,0.006111999973654747
s03_last_fastpool,2,reference_resize,0.018112000077962875
s03_last_fastpool,2,tail_norm,0.00031999999191612005
s03_last_fastpool,2,tail_conv,0.09967999905347824
s03_last_fastpool,2,output_conv,0.2126079946756363
s03_last_fastpool,2,shuffle_stage0,0.02630399912595749
s03_last_fastpool,2,shuffle_stage1,0.02627200074493885
s03_last_fastpool,3,input_rearrange,0.009568000212311745
s03_last_fastpool,3,head_conv,0.0498879998922348
s03_last_fastpool,3,body0_norm,0.00035200000274926424
s03_last_fastpool,3,body0_conv,0.10131199657917023
s03_last_fastpool,3,body0_activation,0.011807999573647976
s03_last_fastpool,3,body1_norm,0.0012799999676644802
s03_last_fastpool,3,body1_conv,0.10188800096511841
s03_last_fastpool,3,body1_activation,0.011103999800980091
s03_last_fastpool,3,body2_norm,0.00035200000274926424
s03_last_fastpool,3,body2_conv,0.09811200201511383
s03_last_fastpool,3,body2_activation,0.01104000024497509
s03_last_fastpool,3,body3_norm,0.00035200000274926424
s03_last_fastpool,3,body3_conv,0.09913600236177444
s03_last_fastpool,3,body3_activation,0.0098879998549819
s03_last_fastpool,3,thumbnail_pool,0.009759999811649323
s03_last_fastpool,3,reference_encoder0,0.006463999859988689
s03_last_fastpool,3,reference_encoder1,0.002463999902829528
s03_last_fastpool,3,reference_encoder2,0.011552000418305397
s03_last_fastpool,3,reference_encoder3,0.0037120000924915075
s03_last_fastpool,3,reference_pool,0.011487999930977821
s03_last_fastpool,3,reference_project,0.006144000217318535
s03_last_fastpool,3,reference_resize,0.0180479995906353
s03_last_fastpool,3,tail_norm,0.00031999999191612005
s03_last_fastpool,3,tail_conv,0.09967999905347824
s03_last_fastpool,3,output_conv,0.20851199328899384
s03_last_fastpool,3,shuffle_stage0,0.02627200074493885
s03_last_fastpool,3,shuffle_stage1,0.026240000501275063
s03_last_fastpool,4,input_rearrange,0.008224000222980976
s03_last_fastpool,4,head_conv,0.05180799961090088
s03_last_fastpool,4,body0_norm,0.00035200000274926424
s03_last_fastpool,4,body0_conv,0.10543999820947647
s03_last_fastpool,4,body0_activation,0.012000000104308128
s03_last_fastpool,4,body1_norm,0.0014400000218302011
s03_last_fastpool,4,body1_conv,0.10367999970912933
s03_last_fastpool,4,body1_activation,0.010784000158309937
s03_last_fastpool,4,body2_norm,0.00035200000274926424
s03_last_fastpool,4,body2_conv,0.10035199671983719
s03_last_fastpool,4,body2_activation,0.011136000044643879
s03_last_fastpool,4,body3_norm,0.00038400001358240843
s03_last_fastpool,4,body3_conv,0.10115200281143188
s03_last_fastpool,4,body3_activation,0.01190400030463934
s03_last_fastpool,4,thumbnail_pool,0.009824000298976898
s03_last_fastpool,4,reference_encoder0,0.0063680000603199005
s03_last_fastpool,4,reference_encoder1,0.002463999902829528
s03_last_fastpool,4,reference_encoder2,0.0191040001809597
s03_last_fastpool,4,reference_encoder3,0.009503999724984169
s03_last_fastpool,4,reference_pool,0.022592000663280487
s03_last_fastpool,4,reference_project,0.005760000087320805
s03_last_fastpool,4,reference_resize,0.018079999834299088
s03_last_fastpool,4,tail_norm,0.00031999999191612005
s03_last_fastpool,4,tail_conv,0.09967999905347824
s03_last_fastpool,4,output_conv,0.2126079946756363
s03_last_fastpool,4,shuffle_stage0,0.02627200074493885
s03_last_fastpool,4,shuffle_stage1,0.02627200074493885
s03_last_fastpool,5,input_rearrange,0.009824000298976898
s03_last_fastpool,5,head_conv,0.0496320016682148
s03_last_fastpool,5,body0_norm,0.00035200000274926424
s03_last_fastpool,5,body0_conv,0.10147199779748917
s03_last_fastpool,5,body0_activation,0.011839999817311764
s03_last_fastpool,5,body1_norm,0.0012159999459981918
s03_last_fastpool,5,body1_conv,0.10185600072145462
s03_last_fastpool,5,body1_activation,0.010847999714314938
s03_last_fastpool,5,body2_norm,0.00035200000274926424
s03_last_fastpool,5,body2_conv,0.10038399696350098
s03_last_fastpool,5,body2_activation,0.011136000044643879
s03_last_fastpool,5,body3_norm,0.00035200000274926424
s03_last_fastpool,5,body3_conv,0.10140799731016159
s03_last_fastpool,5,body3_activation,0.011872000060975552
s03_last_fastpool,5,thumbnail_pool,0.009631999768316746
s03_last_fastpool,5,reference_encoder0,0.006527999881654978
s03_last_fastpool,5,reference_encoder1,0.002495999913662672
s03_last_fastpool,5,reference_encoder2,0.011776000261306763
s03_last_fastpool,5,reference_encoder3,0.003648000070825219
s03_last_fastpool,5,reference_pool,0.011392000131309032
s03_last_fastpool,5,reference_project,0.006144000217318535
s03_last_fastpool,5,reference_resize,0.018079999834299088
s03_last_fastpool,5,tail_norm,0.00035200000274926424
s03_last_fastpool,5,tail_conv,0.09967999905347824
s03_last_fastpool,5,output_conv,0.21055999398231506
s03_last_fastpool,5,shuffle_stage0,0.02627200074493885
s03_last_fastpool,5,shuffle_stage1,0.02630399912595749
s03_last_fastpool,6,input_rearrange,0.009279999881982803
s03_last_fastpool,6,head_conv,0.04992000013589859
s03_last_fastpool,6,body0_norm,0.00035200000274926424
s03_last_fastpool,6,body0_conv,0.1032319962978363
s03_last_fastpool,6,body0_activation,0.012000000104308128
s03_last_fastpool,6,body1_norm,0.0012159999459981918
s03_last_fastpool,6,body1_conv,0.10188800096511841
s03_last_fastpool,6,body1_activation,0.010816000401973724
s03_last_fastpool,6,body2_norm,0.00038400001358240843
s03_last_fastpool,6,body2_conv,0.09830400347709656
s03_last_fastpool,6,body2_activation,0.011168000288307667
s03_last_fastpool,6,body3_norm,0.00035200000274926424
s03_last_fastpool,6,body3_conv,0.10118400305509567
s03_last_fastpool,6,body3_activation,0.011744000017642975
s03_last_fastpool,6,thumbnail_pool,0.0098879998549819
s03_last_fastpool,6,reference_encoder0,0.006560000125318766
s03_last_fastpool,6,reference_encoder1,0.002495999913662672
s03_last_fastpool,6,reference_encoder2,0.012095999903976917
s03_last_fastpool,6,reference_encoder3,0.003936000168323517
s03_last_fastpool,6,reference_pool,0.011103999800980091
s03_last_fastpool,6,reference_project,0.006144000217318535
s03_last_fastpool,6,reference_resize,0.018079999834299088
s03_last_fastpool,6,tail_norm,0.00035200000274926424
s03_last_fastpool,6,tail_conv,0.09967999905347824
s03_last_fastpool,6,output_conv,0.21059200167655945
s03_last_fastpool,6,shuffle_stage0,0.02627200074493885
s03_last_fastpool,6,shuffle_stage1,0.02627200074493885
s03_last_fastpool,7,input_rearrange,0.009472000412642956
s03_last_fastpool,7,head_conv,0.04992000013589859
s03_last_fastpool,7,body0_norm,0.00038400001358240843
s03_last_fastpool,7,body0_conv,0.1037760004401207
s03_last_fastpool,7,body0_activation,0.011327999643981457
s03_last_fastpool,7,body1_norm,0.0011840000515803695
s03_last_fastpool,7,body1_conv,0.1019200012087822
s03_last_fastpool,7,body1_activation,0.011008000001311302
s03_last_fastpool,7,body2_norm,0.00038400001358240843
s03_last_fastpool,7,body2_conv,0.09836799651384354
s03_last_fastpool,7,body2_activation,0.01104000024497509
s03_last_fastpool,7,body3_norm,0.00035200000274926424
s03_last_fastpool,7,body3_conv,0.09920000284910202
s03_last_fastpool,7,body3_activation,0.010015999898314476
s03_last_fastpool,7,thumbnail_pool,0.009759999811649323
s03_last_fastpool,7,reference_encoder0,0.006432000081986189
s03_last_fastpool,7,reference_encoder1,0.002495999913662672
s03_last_fastpool,7,reference_encoder2,0.011711999773979187
s03_last_fastpool,7,reference_encoder3,0.0037120000924915075
s03_last_fastpool,7,reference_pool,0.011392000131309032
s03_last_fastpool,7,reference_project,0.006144000217318535
s03_last_fastpool,7,reference_resize,0.018079999834299088
s03_last_fastpool,7,tail_norm,0.00031999999191612005
s03_last_fastpool,7,tail_conv,0.09967999905347824
s03_last_fastpool,7,output_conv,0.20854400098323822
s03_last_fastpool,7,shuffle_stage0,0.02627200074493885
s03_last_fastpool,7,shuffle_stage1,0.026240000501275063
s03_last_fastpool,8,input_rearrange,0.009631999768316746
s03_last_fastpool,8,head_conv,0.0498879998922348
s03_last_fastpool,8,body0_norm,0.00035200000274926424
s03_last_fastpool,8,body0_conv,0.1013759970664978
s03_last_fastpool,8,body0_activation,0.012032000347971916
s03_last_fastpool,8,body1_norm,0.0014720000326633453
s03_last_fastpool,8,body1_conv,0.10371199995279312
s03_last_fastpool,8,body1_activation,0.01065600011497736
s03_last_fastpool,8,body2_norm,0.00038400001358240843
s03_last_fastpool,8,body2_conv,0.09827200323343277
s03_last_fastpool,8,body2_activation,0.011071999557316303
s03_last_fastpool,8,body3_norm,0.00035200000274926424
s03_last_fastpool,8,body3_conv,0.10108800232410431
s03_last_fastpool,8,body3_activation,0.011872000060975552
s03_last_fastpool,8,thumbnail_pool,0.009952000342309475
s03_last_fastpool,8,reference_encoder0,0.006432000081986189
s03_last_fastpool,8,reference_encoder1,0.0024319998919963837
s03_last_fastpool,8,reference_encoder2,0.011935999616980553
s03_last_fastpool,8,reference_encoder3,0.003967999946326017
s03_last_fastpool,8,reference_pool,0.011168000288307667
s03_last_fastpool,8,reference_project,0.006144000217318535
s03_last_fastpool,8,reference_resize,0.018079999834299088
s03_last_fastpool,8,tail_norm,0.00031999999191612005
s03_last_fastpool,8,tail_conv,0.09967999905347824
s03_last_fastpool,8,output_conv,0.21059200167655945
s03_last_fastpool,8,shuffle_stage0,0.02627200074493885
s03_last_fastpool,8,shuffle_stage1,0.02627200074493885
s03_last_fastpool,9,input_rearrange,0.007712000049650669
s03_last_fastpool,9,head_conv,0.05164799839258194
s03_last_fastpool,9,body0_norm,0.00035200000274926424
s03_last_fastpool,9,body0_conv,0.10339199751615524
s03_last_fastpool,9,body0_activation,0.011711999773979187
s03_last_fastpool,9,body1_norm,0.0013760000001639128
s03_last_fastpool,9,body1_conv,0.10182400047779083
s03_last_fastpool,9,body1_activation,0.010944000445306301
s03_last_fastpool,9,body2_norm,0.00035200000274926424
s03_last_fastpool,9,body2_conv,0.09830400347709656
s03_last_fastpool,9,body2_activation,0.011455999687314034
s03_last_fastpool,9,body3_norm,0.00038400001358240843
s03_last_fastpool,9,body3_conv,0.0992640033364296
s03_last_fastpool,9,body3_activation,0.01190400030463934
s03_last_fastpool,9,thumbnail_pool,0.009727999567985535
s03_last_fastpool,9,reference_encoder0,0.0066559999249875546
s03_last_fastpool,9,reference_encoder1,0.0021120000164955854
s03_last_fastpool,9,reference_encoder2,0.011935999616980553
s03_last_fastpool,9,reference_encoder3,0.0037120000924915075
s03_last_fastpool,9,reference_pool,0.01152000017464161
s03_last_fastpool,9,reference_project,0.006144000217318535
s03_last_fastpool,9,reference_resize,0.018079999834299088
s03_last_fastpool,9,tail_norm,0.00031999999191612005
s03_last_fastpool,9,tail_conv,0.09763199836015701
s03_last_fastpool,9,output_conv,0.21055999398231506
s03_last_fastpool,9,shuffle_stage0,0.02627200074493885
s03_last_fastpool,9,shuffle_stage1,0.026240000501275063
s03_last_fastpool,10,input_rearrange,0.0098879998549819
s03_last_fastpool,10,head_conv,0.05008000135421753
s03_last_fastpool,10,body0_norm,0.00031999999191612005
s03_last_fastpool,10,body0_conv,0.10339199751615524
s03_last_fastpool,10,body0_activation,0.012000000104308128
s03_last_fastpool,10,body1_norm,0.0015040000434964895
s03_last_fastpool,10,body1_conv,0.10358399897813797
s03_last_fastpool,10,body1_activation,0.011071999557316303
s03_last_fastpool,10,body2_norm,0.00035200000274926424
s03_last_fastpool,10,body2_conv,0.10028800368309021
s03_last_fastpool,10,body2_activation,0.011071999557316303
s03_last_fastpool,10,body3_norm,0.00038400001358240843
s03_last_fastpool,10,body3_conv,0.10115200281143188
s03_last_fastpool,10,body3_activation,0.012000000104308128
s03_last_fastpool,10,thumbnail_pool,0.009696000255644321
s03_last_fastpool,10,reference_encoder0,0.006496000103652477
s03_last_fastpool,10,reference_encoder1,0.002463999902829528
s03_last_fastpool,10,reference_encoder2,0.011935999616980553
s03_last_fastpool,10,reference_encoder3,0.004224000032991171
s03_last_fastpool,10,reference_pool,0.011008000001311302
s03_last_fastpool,10,reference_project,0.006175999995321035
s03_last_fastpool,10,reference_resize,0.018079999834299088
s03_last_fastpool,10,tail_norm,0.00031999999191612005
s03_last_fastpool,10,tail_conv,0.0976639986038208
s03_last_fastpool,10,output_conv,0.21052800118923187
s03_last_fastpool,10,shuffle_stage0,0.02627200074493885
s03_last_fastpool,10,shuffle_stage1,0.026240000501275063
s03_last_fastpool,11,input_rearrange,0.009440000168979168
s03_last_fastpool,11,head_conv,0.05011200159788132
s03_last_fastpool,11,body0_norm,0.00035200000274926424
s03_last_fastpool,11,body0_conv,0.10345599800348282
s03_last_fastpool,11,body0_activation,0.011744000017642975
s03_last_fastpool,11,body1_norm,0.0012159999459981918
s03_last_fastpool,11,body1_conv,0.10201600193977356
s03_last_fastpool,11,body1_activation,0.011071999557316303
s03_last_fastpool,11,body2_norm,0.00035200000274926424
s03_last_fastpool,11,body2_conv,0.10012800246477127
s03_last_fastpool,11,body2_activation,0.010879999957978725
s03_last_fastpool,11,body3_norm,0.00038400001358240843
s03_last_fastpool,11,body3_conv,0.09923200309276581
s03_last_fastpool,11,body3_activation,0.009920000098645687
s03_last_fastpool,11,thumbnail_pool,0.009759999811649323
s03_last_fastpool,11,reference_encoder0,0.006335999816656113
s03_last_fastpool,11,reference_encoder1,0.0022720000706613064
s03_last_fastpool,11,reference_encoder2,0.011935999616980553
s03_last_fastpool,11,reference_encoder3,0.0037440001033246517
s03_last_fastpool,11,reference_pool,0.011487999930977821
s03_last_fastpool,11,reference_project,0.006144000217318535
s03_last_fastpool,11,reference_resize,0.0180479995906353
s03_last_fastpool,11,tail_norm,0.00035200000274926424
s03_last_fastpool,11,tail_conv,0.09967999905347824
s03_last_fastpool,11,output_conv,0.20854400098323822
s03_last_fastpool,11,shuffle_stage0,0.02627200074493885
s03_last_fastpool,11,shuffle_stage1,0.02627200074493885
s03_last_fastpool,12,input_rearrange,0.009983999654650688
s03_last_fastpool,12,head_conv,0.04975999891757965
s03_last_fastpool,12,body0_norm,0.00035200000274926424
s03_last_fastpool,12,body0_conv,0.10156799852848053
s03_last_fastpool,12,body0_activation,0.01206399966031313
s03_last_fastpool,12,body1_norm,0.0012799999676644802
s03_last_fastpool,12,body1_conv,0.10156799852848053
s03_last_fastpool,12,body1_activation,0.010879999957978725
s03_last_fastpool,12,body2_norm,0.00035200000274926424
s03_last_fastpool,12,body2_conv,0.09855999797582626
s03_last_fastpool,12,body2_activation,0.010944000445306301
s03_last_fastpool,12,body3_norm,0.00035200000274926424
s03_last_fastpool,12,body3_conv,0.09916800260543823
s03_last_fastpool,12,body3_activation,0.011744000017642975
s03_last_fastpool,12,thumbnail_pool,0.0098879998549819
s03_last_fastpool,12,reference_encoder0,0.006432000081986189
s03_last_fastpool,12,reference_encoder1,0.0023040000814944506
s03_last_fastpool,12,reference_encoder2,0.01158399973064661
s03_last_fastpool,12,reference_encoder3,0.003903999924659729
s03_last_fastpool,12,reference_pool,0.011296000331640244
s03_last_fastpool,12,reference_project,0.006144000217318535
s03_last_fastpool,12,reference_resize,0.018079999834299088
s03_last_fastpool,12,tail_norm,0.00031999999191612005
s03_last_fastpool,12,tail_conv,0.09967999905347824
s03_last_fastpool,12,output_conv,0.20854400098323822
s03_last_fastpool,12,shuffle_stage0,0.026240000501275063
s03_last_fastpool,12,shuffle_stage1,0.02627200074493885
s03_last_fastpool,13,input_rearrange,0.009600000455975533
s03_last_fastpool,13,head_conv,0.04982399940490723
s03_last_fastpool,13,body0_norm,0.00031999999191612005
s03_last_fastpool,13,body0_conv,0.10335999727249146
s03_last_fastpool,13,body0_activation,0.011744000017642975
s03_last_fastpool,13,body1_norm,0.0011520000407472253
s03_last_fastpool,13,body1_conv,0.104032002389431
s03_last_fastpool,13,body1_activation,0.010912000201642513
s03_last_fastpool,13,body2_norm,0.00038400001358240843
s03_last_fastpool,13,body2_conv,0.10041599720716476
s03_last_fastpool,13,body2_activation,0.01104000024497509
s03_last_fastpool,13,body3_norm,0.00038400001358240843
s03_last_fastpool,13,body3_conv,0.10134399682283401
s03_last_fastpool,13,body3_activation,0.011776000261306763
s03_last_fastpool,13,thumbnail_pool,0.010944000445306301
s03_last_fastpool,13,reference_encoder0,0.006304000038653612
s03_last_fastpool,13,reference_encoder1,0.0023040000814944506
s03_last_fastpool,13,reference_encoder2,0.011487999930977821
s03_last_fastpool,13,reference_encoder3,0.0036800000816583633
s03_last_fastpool,13,reference_pool,0.011487999930977821
s03_last_fastpool,13,reference_project,0.006144000217318535
s03_last_fastpool,13,reference_resize,0.018079999834299088
s03_last_fastpool,13,tail_norm,0.00031999999191612005
s03_last_fastpool,13,tail_conv,0.0976639986038208
s03_last_fastpool,13,output_conv,0.21055999398231506
s03_last_fastpool,13,shuffle_stage0,0.02627200074493885
s03_last_fastpool,13,shuffle_stage1,0.02630399912595749
s03_last_fastpool,14,input_rearrange,0.010239999741315842
s03_last_fastpool,14,head_conv,0.0498879998922348
s03_last_fastpool,14,body0_norm,0.00035200000274926424
s03_last_fastpool,14,body0_conv,0.10140799731016159
s03_last_fastpool,14,body0_activation,0.012000000104308128
s03_last_fastpool,14,body1_norm,0.0012159999459981918
s03_last_fastpool,14,body1_conv,0.10384000092744827
s03_last_fastpool,14,body1_activation,0.010847999714314938
s03_last_fastpool,14,body2_norm,0.00038400001358240843
s03_last_fastpool,14,body2_conv,0.10051199793815613
s03_last_fastpool,14,body2_activation,0.010816000401973724
s03_last_fastpool,14,body3_norm,0.00035200000274926424
s03_last_fastpool,14,body3_conv,0.10108800232410431
s03_last_fastpool,14,body3_activation,0.011744000017642975
s03_last_fastpool,14,thumbnail_pool,0.0098879998549819
s03_last_fastpool,14,reference_encoder0,0.006463999859988689
s03_last_fastpool,14,reference_encoder1,0.0023360000923275948
s03_last_fastpool,14,reference_encoder2,0.01196799986064434
s03_last_fastpool,14,reference_encoder3,0.004064000211656094
s03_last_fastpool,14,reference_pool,0.011008000001311302
s03_last_fastpool,14,reference_project,0.006144000217318535
s03_last_fastpool,14,reference_resize,0.018079999834299088
s03_last_fastpool,14,tail_norm,0.00031999999191612005
s03_last_fastpool,14,tail_conv,0.09967999905347824
s03_last_fastpool,14,output_conv,0.2126079946756363
s03_last_fastpool,14,shuffle_stage0,0.02627200074493885
s03_last_fastpool,14,shuffle_stage1,0.02627200074493885
s03_last_fastpool,15,input_rearrange,0.009664000011980534
s03_last_fastpool,15,head_conv,0.0498879998922348
s03_last_fastpool,15,body0_norm,0.00035200000274926424
s03_last_fastpool,15,body0_conv,0.10140799731016159
s03_last_fastpool,15,body0_activation,0.011744000017642975
s03_last_fastpool,15,body1_norm,0.001408000010997057
s03_last_fastpool,15,body1_conv,0.10380800068378448
s03_last_fastpool,15,body1_activation,0.01119999960064888
s03_last_fastpool,15,body2_norm,0.00038400001358240843
s03_last_fastpool,15,body2_conv,0.09827200323343277
s03_last_fastpool,15,body2_activation,0.011168000288307667
s03_last_fastpool,15,body3_norm,0.00038400001358240843
s03_last_fastpool,15,body3_conv,0.09916800260543823
s03_last_fastpool,15,body3_activation,0.0098879998549819
s03_last_fastpool,15,thumbnail_pool,0.009824000298976898
s03_last_fastpool,15,reference_encoder0,0.006527999881654978
s03_last_fastpool,15,reference_encoder1,0.0024319998919963837
s03_last_fastpool,15,reference_encoder2,0.011552000418305397
s03_last_fastpool,15,reference_encoder3,0.0036800000816583633
s03_last_fastpool,15,reference_pool,0.01142400037497282
s03_last_fastpool,15,reference_project,0.006144000217318535
s03_last_fastpool,15,reference_resize,0.018079999834299088
s03_last_fastpool,15,tail_norm,0.00031999999191612005
s03_last_fastpool,15,tail_conv,0.09967999905347824
s03_last_fastpool,15,output_conv,0.21055999398231506
s03_last_fastpool,15,shuffle_stage0,0.02627200074493885
s03_last_fastpool,15,shuffle_stage1,0.026240000501275063
s03_last_fastpool,16,input_rearrange,0.008320000022649765
s03_last_fastpool,16,head_conv,0.04947200044989586
s03_last_fastpool,16,body0_norm,0.00035200000274926424
s03_last_fastpool,16,body0_conv,0.10140799731016159
s03_last_fastpool,16,body0_activation,0.01206399966031313
s03_last_fastpool,16,body1_norm,0.0012799999676644802
s03_last_fastpool,16,body1_conv,0.1037760004401207
s03_last_fastpool,16,body1_activation,0.010975999757647514
s03_last_fastpool,16,body2_norm,0.00035200000274926424
s03_last_fastpool,16,body2_conv,0.09830400347709656
s03_last_fastpool,16,body2_activation,0.01104000024497509
s03_last_fastpool,16,body3_norm,0.00035200000274926424
s03_last_fastpool,16,body3_conv,0.10115200281143188
s03_last_fastpool,16,body3_activation,0.0098879998549819
s03_last_fastpool,16,thumbnail_pool,0.00979200005531311
s03_last_fastpool,16,reference_encoder0,0.0063680000603199005
s03_last_fastpool,16,reference_encoder1,0.002463999902829528
s03_last_fastpool,16,reference_encoder2,0.011776000261306763
s03_last_fastpool,16,reference_encoder3,0.003871999913826585
s03_last_fastpool,16,reference_pool,0.011359999887645245
s03_last_fastpool,16,reference_project,0.006144000217318535
s03_last_fastpool,16,reference_resize,0.018079999834299088
s03_last_fastpool,16,tail_norm,0.00035200000274926424
s03_last_fastpool,16,tail_conv,0.09763199836015701
s03_last_fastpool,16,output_conv,0.20854400098323822
s03_last_fastpool,16,shuffle_stage0,0.026240000501275063
s03_last_fastpool,16,shuffle_stage1,0.02630399912595749
s03_last_fastpool,17,input_rearrange,0.008031999692320824
s03_last_fastpool,17,head_conv,0.05023999884724617
s03_last_fastpool,17,body0_norm,0.00035200000274926424
s03_last_fastpool,17,body0_conv,0.10118400305509567
s03_last_fastpool,17,body0_activation,0.011935999616980553
s03_last_fastpool,17,body1_norm,0.0013760000001639128
s03_last_fastpool,17,body1_conv,0.1016639992594719
s03_last_fastpool,17,body1_activation,0.011008000001311302
s03_last_fastpool,17,body2_norm,0.00035200000274926424
s03_last_fastpool,17,body2_conv,0.10041599720716476
s03_last_fastpool,17,body2_activation,0.01119999960064888
s03_last_fastpool,17,body3_norm,0.00038400001358240843
s03_last_fastpool,17,body3_conv,0.10118400305509567
s03_last_fastpool,17,body3_activation,0.011872000060975552
s03_last_fastpool,17,thumbnail_pool,0.009664000011980534
s03_last_fastpool,17,reference_encoder0,0.006496000103652477
s03_last_fastpool,17,reference_encoder1,0.002463999902829528
s03_last_fastpool,17,reference_encoder2,0.011839999817311764
s03_last_fastpool,17,reference_encoder3,0.003648000070825219
s03_last_fastpool,17,reference_pool,0.011487999930977821
s03_last_fastpool,17,reference_project,0.006144000217318535
s03_last_fastpool,17,reference_resize,0.018079999834299088
s03_last_fastpool,17,tail_norm,0.00035200000274926424
s03_last_fastpool,17,tail_conv,0.09763199836015701
s03_last_fastpool,17,output_conv,0.21059200167655945
s03_last_fastpool,17,shuffle_stage0,0.02627200074493885
s03_last_fastpool,17,shuffle_stage1,0.02627200074493885
s03_last_fastpool,18,input_rearrange,0.009696000255644321
s03_last_fastpool,18,head_conv,0.049855999648571014
s03_last_fastpool,18,body0_norm,0.00031999999191612005
s03_last_fastpool,18,body0_conv,0.10355199873447418
s03_last_fastpool,18,body0_activation,0.01190400030463934
s03_last_fastpool,18,body1_norm,0.0013760000001639128
s03_last_fastpool,18,body1_conv,0.10172799974679947
s03_last_fastpool,18,body1_activation,0.010944000445306301
s03_last_fastpool,18,body2_norm,0.00035200000274926424
s03_last_fastpool,18,body2_conv,0.09836799651384354
s03_last_fastpool,18,body2_activation,0.010975999757647514
s03_last_fastpool,18,body3_norm,0.00038400001358240843
s03_last_fastpool,18,body3_conv,0.09916800260543823
s03_last_fastpool,18,body3_activation,0.009824000298976898
s03_last_fastpool,18,thumbnail_pool,0.009855999611318111
s03_last_fastpool,18,reference_encoder0,0.006496000103652477
s03_last_fastpool,18,reference_encoder1,0.002495999913662672
s03_last_fastpool,18,reference_encoder2,0.011807999573647976
s03_last_fastpool,18,reference_encoder3,0.004064000211656094
s03_last_fastpool,18,reference_pool,0.011136000044643879
s03_last_fastpool,18,reference_project,0.006144000217318535
s03_last_fastpool,18,reference_resize,0.018079999834299088
s03_last_fastpool,18,tail_norm,0.00031999999191612005
s03_last_fastpool,18,tail_conv,0.09763199836015701
s03_last_fastpool,18,output_conv,0.21059200167655945
s03_last_fastpool,18,shuffle_stage0,0.02627200074493885
s03_last_fastpool,18,shuffle_stage1,0.02627200074493885
s03_last_fastpool,19,input_rearrange,0.009375999681651592
s03_last_fastpool,19,head_conv,0.05011200159788132
s03_last_fastpool,19,body0_norm,0.00035200000274926424
s03_last_fastpool,19,body0_conv,0.10121600329875946
s03_last_fastpool,19,body0_activation,0.011807999573647976
s03_last_fastpool,19,body1_norm,0.0011840000515803695
s03_last_fastpool,19,body1_conv,0.10201600193977356
s03_last_fastpool,19,body1_activation,0.011103999800980091
s03_last_fastpool,19,body2_norm,0.00035200000274926424
s03_last_fastpool,19,body2_conv,0.09862399846315384
s03_last_fastpool,19,body2_activation,0.010879999957978725
s03_last_fastpool,19,body3_norm,0.00035200000274926424
s03_last_fastpool,19,body3_conv,0.0992640033364296
s03_last_fastpool,19,body3_activation,0.009952000342309475
s03_last_fastpool,19,thumbnail_pool,0.009855999611318111
s03_last_fastpool,19,reference_encoder0,0.006432000081986189
s03_last_fastpool,19,reference_encoder1,0.002400000113993883
s03_last_fastpool,19,reference_encoder2,0.011935999616980553
s03_last_fastpool,19,reference_encoder3,0.0037440001033246517
s03_last_fastpool,19,reference_pool,0.011487999930977821
s03_last_fastpool,19,reference_project,0.006144000217318535
s03_last_fastpool,19,reference_resize,0.018079999834299088
s03_last_fastpool,19,tail_norm,0.00035200000274926424
s03_last_fastpool,19,tail_conv,0.09763199836015701
s03_last_fastpool,19,output_conv,0.21059200167655945
s03_last_fastpool,19,shuffle_stage0,0.02627200074493885
s03_last_fastpool,19,shuffle_stage1,0.02627200074493885
