model,repeat,index,milliseconds
s03_8k,0,0,0.9972479939460754
s03_8k,0,1,1.005344033241272
s03_8k,0,2,0.9927999973297119
s03_8k,0,3,0.995743989944458
s03_8k,0,4,0.9945279955863953
s03_8k,0,5,0.9923200011253357
s03_8k,0,6,0.990015983581543
s03_8k,0,7,0.9860159754753113
s03_8k,0,8,0.9965760111808777
s03_8k,0,9,0.9964479804039001
s03_8k,0,10,0.9944639801979065
s03_8k,0,11,0.9938880205154419
s03_8k,0,12,0.9920639991760254
s03_8k,0,13,0.9969599843025208
s03_8k,0,14,0.9925119876861572
s03_8k,0,15,0.9948800206184387
s03_8k,0,16,0.9920960068702698
s03_8k,0,17,0.9864320158958435
s03_8k,0,18,0.9905920028686523
s03_8k,0,19,0.9906240105628967
s03_8k,0,20,0.9924160242080688
s03_8k,0,21,0.9947839975357056
s03_8k,0,22,0.9904320240020752
s03_8k,0,23,0.9983999729156494
s03_8k,0,24,0.9898880124092102
s03_8k,0,25,0.9965440034866333
s03_8k,0,26,0.9942399859428406
s03_8k,0,27,0.9901760220527649
s03_8k,0,28,0.9944639801979065
s03_8k,0,29,0.9922559857368469
s03_8k,0,30,0.9962239861488342
s03_8k,0,31,0.990015983581543
s03_8k,0,32,0.9966080188751221
s03_8k,0,33,0.994271993637085
s03_8k,0,34,0.9942399859428406
s03_8k,0,35,0.9941759705543518
s03_8k,0,36,0.9929919838905334
s03_8k,0,37,0.9971839785575867
s03_8k,0,38,0.9925119876861572
s03_8k,0,39,0.9928640127182007
s03_8k,0,40,0.9943040013313293
s03_8k,0,41,0.9963520169258118
s03_8k,0,42,0.9985920190811157
s03_8k,0,43,0.9941120147705078
s03_8k,0,44,0.9904639720916748
s03_8k,0,45,0.9943680167198181
s03_8k,0,46,0.9965440034866333
s03_8k,0,47,0.9934399724006653
s03_8k,0,48,0.9967679977416992
s03_8k,0,49,0.9925119876861572
s03_8k,0,50,0.9967679977416992
s03_8k,0,51,0.9946879744529724
s03_8k,0,52,0.9981120228767395
s03_8k,0,53,0.9944319725036621
s03_8k,0,54,0.9964479804039001
s03_8k,0,55,0.9959999918937683
s03_8k,0,56,0.9947519898414612
s03_8k,0,57,0.9907519817352295
s03_8k,0,58,0.9921600222587585
s03_8k,0,59,1.0104960203170776
s03_8k,0,60,0.9961919784545898
s03_8k,0,61,0.9928320050239563
s03_8k,0,62,0.9946560263633728
s03_8k,0,63,1.0049599409103394
s03_8k,0,64,1.0001920461654663
s03_8k,0,65,0.9900799989700317
s03_8k,0,66,0.9923520088195801
s03_8k,0,67,0.9939519762992859
s03_8k,0,68,0.9941759705543518
s03_8k,0,69,0.9926400184631348
s03_8k,0,70,0.9922879934310913
s03_8k,0,71,0.9942079782485962
s03_8k,0,72,0.9928640127182007
s03_8k,0,73,1.0012799501419067
s03_8k,0,74,0.9965119957923889
s03_8k,0,75,0.990559995174408
s03_8k,0,76,0.9943680167198181
s03_8k,0,77,0.9961599707603455
s03_8k,0,78,1.0004479885101318
s03_8k,0,79,0.9921280145645142
s03_8k,0,80,0.9982079863548279
s03_8k,0,81,0.9960640072822571
s03_8k,0,82,0.9944000244140625
s03_8k,0,83,0.9943040013313293
s03_8k,0,84,0.9938240051269531
s03_8k,0,85,0.9943040013313293
s03_8k,0,86,0.9919999837875366
s03_8k,0,87,0.9939519762992859
s03_8k,0,88,0.9962239861488342
s03_8k,0,89,0.9920639991760254
s03_8k,0,90,0.9964159727096558
s03_8k,0,91,0.9961599707603455
s03_8k,0,92,0.9924479722976685
s03_8k,0,93,1.0006400346755981
s03_8k,0,94,1.0022720098495483
s03_8k,0,95,0.9927679896354675
s03_8k,0,96,0.9926400184631348
s03_8k,0,97,1.0085760354995728
s03_8k,0,98,0.9959359765052795
s03_8k,0,99,0.989791989326477
s03_8k,0,100,0.9961280226707458
s03_8k,0,101,0.9906880259513855
s03_8k,0,102,0.9867519736289978
s03_8k,0,103,0.994047999382019
s03_8k,0,104,0.9946240186691284
s03_8k,0,105,0.9923840165138245
s03_8k,0,106,0.9907839894294739
s03_8k,0,107,1.002336025238037
s03_8k,0,108,0.9918400049209595
s03_8k,0,109,0.997983992099762
s03_8k,0,110,0.9984959959983826
s03_8k,0,111,0.9923200011253357
s03_8k,0,112,1.0031360387802124
s03_8k,0,113,0.9945600032806396
s03_8k,0,114,1.0025919675827026
s03_8k,0,115,0.9982720017433167
s03_8k,0,116,0.9967039823532104
s03_8k,0,117,0.9904639720916748
s03_8k,0,118,0.9968960285186768
s03_8k,0,119,0.99481600522995
s03_8k,0,120,0.9965119957923889
s03_8k,0,121,0.9940800070762634
s03_8k,0,122,0.9951040148735046
s03_8k,0,123,0.9967039823532104
s03_8k,0,124,0.9921919703483582
s03_8k,0,125,0.9858880043029785
s03_8k,0,126,0.9947199821472168
s03_8k,0,127,0.994592010974884
s03_8k,0,128,0.9940159916877747
s03_8k,0,129,0.9942399859428406
s03_8k,0,130,0.9968000054359436
s03_8k,0,131,0.9963520169258118
s03_8k,0,132,0.998848021030426
s03_8k,0,133,0.9943680167198181
s03_8k,0,134,0.9987199902534485
s03_8k,0,135,0.9965440034866333
s03_8k,0,136,0.9925119876861572
s03_8k,0,137,0.992031991481781
s03_8k,0,138,0.9907839894294739
s03_8k,0,139,0.9923520088195801
s03_8k,0,140,0.9919679760932922
s03_8k,0,141,0.9927359819412231
s03_8k,0,142,0.9879999756813049
s03_8k,0,143,0.9906240105628967
s03_8k,0,144,0.9946879744529724
s03_8k,0,145,0.992576003074646
s03_8k,0,146,0.9926080107688904
s03_8k,0,147,0.9944000244140625
s03_8k,0,148,0.994271993637085
s03_8k,0,149,0.994271993637085
s03_8k,0,150,0.9907839894294739
s03_8k,0,151,0.9923840165138245
s03_8k,0,152,0.9963200092315674
s03_8k,0,153,0.9985600113868713
s03_8k,0,154,0.9946240186691284
s03_8k,0,155,0.9958720207214355
s03_8k,0,156,0.9960960149765015
s03_8k,0,157,0.9963520169258118
s03_8k,0,158,0.9964479804039001
s03_8k,0,159,0.9924799799919128
s03_8k,0,160,0.994592010974884
s03_8k,0,161,0.9961919784545898
s03_8k,0,162,0.9899200201034546
s03_8k,0,163,0.9982720017433167
s03_8k,0,164,0.9947199821472168
s03_8k,0,165,0.9964159727096558
s03_8k,0,166,0.9964799880981445
s03_8k,0,167,0.9901440143585205
s03_8k,0,168,0.9962559938430786
s03_8k,0,169,0.9927039742469788
s03_8k,0,170,0.9965119957923889
s03_8k,0,171,0.9927359819412231
s03_8k,0,172,1.0005120038986206
s03_8k,0,173,0.9943040013313293
s03_8k,0,174,0.994592010974884
s03_8k,0,175,0.9945600032806396
s03_8k,0,176,0.9950399994850159
s03_8k,0,177,1.000607967376709
s03_8k,0,178,0.9943680167198181
s03_8k,0,179,0.9990079998970032
s03_8k,0,180,0.9963200092315674
s03_8k,0,181,0.9945600032806396
s03_8k,0,182,0.9964479804039001
s03_8k,0,183,0.9940800070762634
s03_8k,0,184,0.9945279955863953
s03_8k,0,185,0.9923840165138245
s03_8k,0,186,0.9980800151824951
s03_8k,0,187,0.9907199740409851
s03_8k,0,188,0.9987519979476929
s03_8k,0,189,0.9940800070762634
s03_8k,0,190,0.9986240267753601
s03_8k,0,191,0.9943680167198181
s03_8k,0,192,0.9926720261573792
s03_8k,0,193,0.9957759976387024
s03_8k,0,194,1.0002559423446655
s03_8k,0,195,0.9983360171318054
s03_8k,0,196,0.992031991481781
s03_8k,0,197,0.9966400265693665
s03_8k,0,198,0.9943360090255737
s03_8k,0,199,0.992576003074646
s03_8k,1,0,0.9959040284156799
s03_8k,1,1,0.9925439953804016
s03_8k,1,2,0.9928640127182007
s03_8k,1,3,0.9927039742469788
s03_8k,1,4,0.9943360090255737
s03_8k,1,5,0.9926720261573792
s03_8k,1,6,0.9904320240020752
s03_8k,1,7,0.9925119876861572
s03_8k,1,8,0.9898880124092102
s03_8k,1,9,0.9961599707603455
s03_8k,1,10,1.0045119524002075
s03_8k,1,11,0.9987840056419373
s03_8k,1,12,1.0024000406265259
s03_8k,1,13,0.9961919784545898
s03_8k,1,14,0.9965760111808777
s03_8k,1,15,0.9949439764022827
s03_8k,1,16,0.9965440034866333
s03_8k,1,17,0.9964799880981445
s03_8k,1,18,0.9928640127182007
s03_8k,1,19,0.9948800206184387
s03_8k,1,20,0.9943040013313293
s03_8k,1,21,0.9944319725036621
s03_8k,1,22,0.9938240051269531
s03_8k,1,23,0.9921919703483582
s03_8k,1,24,0.9963200092315674
s03_8k,1,25,0.9945600032806396
s03_8k,1,26,0.9948800206184387
s03_8k,1,27,0.9969599843025208
s03_8k,1,28,0.994592010974884
s03_8k,1,29,0.992576003074646
s03_8k,1,30,1.0030080080032349
s03_8k,1,31,0.9945279955863953
s03_8k,1,32,0.9986240267753601
s03_8k,1,33,0.9984639883041382
s03_8k,1,34,0.9939839839935303
s03_8k,1,35,0.9902080297470093
s03_8k,1,36,0.9939519762992859
s03_8k,1,37,0.9925119876861572
s03_8k,1,38,0.998528003692627
s03_8k,1,39,0.9908159971237183
s03_8k,1,40,0.9961280226707458
s03_8k,1,41,0.9929599761962891
s03_8k,1,42,0.9983680248260498
s03_8k,1,43,0.9944319725036621
s03_8k,1,44,1.0021120309829712
s03_8k,1,45,0.99891197681427
s03_8k,1,46,0.9922239780426025
s03_8k,1,47,0.9965440034866333
s03_8k,1,48,0.9925119876861572
s03_8k,1,49,0.994271993637085
s03_8k,1,50,0.9898880124092102
s03_8k,1,51,0.9902719855308533
s03_8k,1,52,0.9905279874801636
s03_8k,1,53,0.9902399778366089
s03_8k,1,54,0.9942079782485962
s03_8k,1,55,0.9907519817352295
s03_8k,1,56,0.996832013130188
s03_8k,1,57,0.9900799989700317
s03_8k,1,58,0.9942399859428406
s03_8k,1,59,0.9926400184631348
s03_8k,1,60,0.9946240186691284
s03_8k,1,61,0.990336000919342
s03_8k,1,62,0.9902719855308533
s03_8k,1,63,0.9941440224647522
s03_8k,1,64,0.9919360280036926
s03_8k,1,65,0.9921280145645142
s03_8k,1,66,0.9926720261573792
s03_8k,1,67,0.9964479804039001
s03_8k,1,68,0.9927039742469788
s03_8k,1,69,0.9946560263633728
s03_8k,1,70,0.9948800206184387
s03_8k,1,71,0.9946560263633728
s03_8k,1,72,0.9928640127182007
s03_8k,1,73,0.9940159916877747
s03_8k,1,74,0.9927359819412231
s03_8k,1,75,0.9919360280036926
s03_8k,1,76,0.9964799880981445
s03_8k,1,77,0.9941440224647522
s03_8k,1,78,0.9962239861488342
s03_8k,1,79,0.9904959797859192
s03_8k,1,80,0.9926720261573792
s03_8k,1,81,0.9927039742469788
s03_8k,1,82,0.9942399859428406
s03_8k,1,83,1.0
s03_8k,1,84,0.9942399859428406
s03_8k,1,85,0.9902080297470093
s03_8k,1,86,0.9927999973297119
s03_8k,1,87,0.9988800287246704
s03_8k,1,88,0.998848021030426
s03_8k,1,89,1.0023679733276367
s03_8k,1,90,0.9945279955863953
s03_8k,1,91,0.9961919784545898
s03_8k,1,92,1.0002559423446655
s03_8k,1,93,0.9941120147705078
s03_8k,1,94,0.9963520169258118
s03_8k,1,95,0.9928640127182007
s03_8k,1,96,0.9941440224647522
s03_8k,1,97,0.9984639883041382
s03_8k,1,98,0.9961280226707458
s03_8k,1,99,0.9943680167198181
s03_8k,1,100,0.9925439953804016
s03_8k,1,101,0.9967679977416992
s03_8k,1,102,0.9909440279006958
s03_8k,1,103,1.0008959770202637
s03_8k,1,104,0.9906240105628967
s03_8k,1,105,0.9967359900474548
s03_8k,1,106,1.0088319778442383
s03_8k,1,107,0.9942079782485962
s03_8k,1,108,1.007200002670288
s03_8k,1,109,0.9928640127182007
s03_8k,1,110,1.0021120309829712
s03_8k,1,111,0.9924799799919128
s03_8k,1,112,0.9896640181541443
s03_8k,1,113,0.9948480129241943
s03_8k,1,114,0.9941440224647522
s03_8k,1,115,0.9961599707603455
s03_8k,1,116,0.9921919703483582
s03_8k,1,117,0.9927679896354675
s03_8k,1,118,0.9907199740409851
s03_8k,1,119,0.9966080188751221
s03_8k,1,120,0.9928320050239563
s03_8k,1,121,0.9923520088195801
s03_8k,1,122,0.9959040284156799
s03_8k,1,123,0.9943680167198181
s03_8k,1,124,0.9941440224647522
s03_8k,1,125,0.9928320050239563
s03_8k,1,126,0.9962559938430786
s03_8k,1,127,1.000383973121643
s03_8k,1,128,0.9963840246200562
s03_8k,1,129,0.994271993637085
s03_8k,1,130,0.9946560263633728
s03_8k,1,131,0.9948800206184387
s03_8k,1,132,0.9905279874801636
s03_8k,1,133,0.9943680167198181
s03_8k,1,134,0.9947199821472168
s03_8k,1,135,0.9928960204124451
s03_8k,1,136,0.9902080297470093
s03_8k,1,137,0.9944959878921509
s03_8k,1,138,0.9947199821472168
s03_8k,1,139,0.998848021030426
s03_8k,1,140,0.9938560128211975
s03_8k,1,141,0.9920960068702698
s03_8k,1,142,0.9925119876861572
s03_8k,1,143,0.9926720261573792
s03_8k,1,144,0.9921280145645142
s03_8k,1,145,0.9967039823532104
s03_8k,1,146,0.9980800151824951
s03_8k,1,147,0.9940800070762634
s03_8k,1,148,0.9921919703483582
s03_8k,1,149,0.9919999837875366
s03_8k,1,150,0.9925119876861572
s03_8k,1,151,0.9965119957923889
s03_8k,1,152,0.994592010974884
s03_8k,1,153,0.9943680167198181
s03_8k,1,154,0.994047999382019
s03_8k,1,155,0.9937919974327087
s03_8k,1,156,0.9940159916877747
s03_8k,1,157,0.9983360171318054
s03_8k,1,158,0.9946560263633728
s03_8k,1,159,0.9966400265693665
s03_8k,1,160,0.9938560128211975
s03_8k,1,161,0.9946560263633728
s03_8k,1,162,0.9944959878921509
s03_8k,1,163,0.9928960204124451
s03_8k,1,164,0.9922879934310913
s03_8k,1,165,0.9941120147705078
s03_8k,1,166,0.9948480129241943
s03_8k,1,167,0.992031991481781
s03_8k,1,168,0.9899200201034546
s03_8k,1,169,0.9949120283126831
s03_8k,1,170,0.9944959878921509
s03_8k,1,171,0.9950079917907715
s03_8k,1,172,0.9880639910697937
s03_8k,1,173,0.9987519979476929
s03_8k,1,174,0.9902399778366089
s03_8k,1,175,0.9923200011253357
s03_8k,1,176,0.9939519762992859
s03_8k,1,177,0.9927999973297119
s03_8k,1,178,0.992576003074646
s03_8k,1,179,0.9921280145645142
s03_8k,1,180,0.9945600032806396
s03_8k,1,181,0.9925119876861572
s03_8k,1,182,0.996288001537323
s03_8k,1,183,0.9927999973297119
s03_8k,1,184,0.9888319969177246
s03_8k,1,185,0.9922239780426025
s03_8k,1,186,0.9941440224647522
s03_8k,1,187,0.9963520169258118
s03_8k,1,188,0.9910399913787842
s03_8k,1,189,0.9926400184631348
s03_8k,1,190,0.9902399778366089
s03_8k,1,191,0.9927999973297119
s03_8k,1,192,0.9943040013313293
s03_8k,1,193,0.9941120147705078
s03_8k,1,194,0.994271993637085
s03_8k,1,195,0.9946879744529724
s03_8k,1,196,0.9980159997940063
s03_8k,1,197,0.994271993637085
s03_8k,1,198,0.9965440034866333
s03_8k,1,199,0.9927679896354675
s03_8k,2,0,0.9924160242080688
s03_8k,2,1,0.9958400130271912
s03_8k,2,2,0.9987840056419373
s03_8k,2,3,0.9927999973297119
s03_8k,2,4,0.9963200092315674
s03_8k,2,5,0.9885439872741699
s03_8k,2,6,0.9949439764022827
s03_8k,2,7,1.0041600465774536
s03_8k,2,8,0.9923520088195801
s03_8k,2,9,0.9919999837875366
s03_8k,2,10,0.9961919784545898
s03_8k,2,11,0.9966400265693665
s03_8k,2,12,0.9926720261573792
s03_8k,2,13,0.9924479722976685
s03_8k,2,14,0.9961599707603455
s03_8k,2,15,0.9919360280036926
s03_8k,2,16,0.9964799880981445
s03_8k,2,17,0.9983680248260498
s03_8k,2,18,0.9962239861488342
s03_8k,2,19,0.9965440034866333
s03_8k,2,20,0.9987199902534485
s03_8k,2,21,0.9946879744529724
s03_8k,2,22,0.9926720261573792
s03_8k,2,23,1.0015039443969727
s03_8k,2,24,0.9963520169258118
s03_8k,2,25,1.0003520250320435
s03_8k,2,26,0.9961599707603455
s03_8k,2,27,0.9980800151824951
s03_8k,2,28,0.9944959878921509
s03_8k,2,29,0.9919360280036926
s03_8k,2,30,0.9966719746589661
s03_8k,2,31,0.9962559938430786
s03_8k,2,32,0.9982399940490723
s03_8k,2,33,0.9927679896354675
s03_8k,2,34,0.9941759705543518
s03_8k,2,35,0.9947519898414612
s03_8k,2,36,0.9944319725036621
s03_8k,2,37,0.9939519762992859
s03_8k,2,38,0.9965440034866333
s03_8k,2,39,0.9961599707603455
s03_8k,2,40,0.9924799799919128
s03_8k,2,41,1.0009280443191528
s03_8k,2,42,0.9942079782485962
s03_8k,2,43,0.9986240267753601
s03_8k,2,44,0.9946879744529724
s03_8k,2,45,0.998528003692627
s03_8k,2,46,0.9924799799919128
s03_8k,2,47,0.9903680086135864
s03_8k,2,48,0.9947519898414612
s03_8k,2,49,0.992576003074646
s03_8k,2,50,0.9962239861488342
s03_8k,2,51,0.9924160242080688
s03_8k,2,52,0.9937919974327087
s03_8k,2,53,0.9927359819412231
s03_8k,2,54,0.9946560263633728
s03_8k,2,55,0.9925439953804016
s03_8k,2,56,0.9983360171318054
s03_8k,2,57,0.9939519762992859
s03_8k,2,58,0.9939839839935303
s03_8k,2,59,0.9981439709663391
s03_8k,2,60,0.9945279955863953
s03_8k,2,61,0.9967039823532104
s03_8k,2,62,0.9939839839935303
s03_8k,2,63,0.9937919974327087
s03_8k,2,64,0.9939519762992859
s03_8k,2,65,0.9898880124092102
s03_8k,2,66,0.9966080188751221
s03_8k,2,67,0.9942079782485962
s03_8k,2,68,0.9949120283126831
s03_8k,2,69,0.9926080107688904
s03_8k,2,70,0.9942399859428406
s03_8k,2,71,0.9981120228767395
s03_8k,2,72,0.9902399778366089
s03_8k,2,73,0.9888319969177246
s03_8k,2,74,0.9943040013313293
s03_8k,2,75,0.9947839975357056
s03_8k,2,76,0.9926080107688904
s03_8k,2,77,0.9921280145645142
s03_8k,2,78,0.9944639801979065
s03_8k,2,79,0.9904959797859192
s03_8k,2,80,0.9903680086135864
s03_8k,2,81,0.9926400184631348
s03_8k,2,82,0.9948480129241943
s03_8k,2,83,0.9900479912757874
s03_8k,2,84,0.9960960149765015
s03_8k,2,85,0.9919040203094482
s03_8k,2,86,0.9944319725036621
s03_8k,2,87,0.9922239780426025
s03_8k,2,88,0.9924160242080688
s03_8k,2,89,0.9904000163078308
s03_8k,2,90,0.9926400184631348
s03_8k,2,91,0.9981439709663391
s03_8k,2,92,0.9944639801979065
s03_8k,2,93,0.9985920190811157
s03_8k,2,94,0.994047999382019
s03_8k,2,95,0.9899839758872986
s03_8k,2,96,0.988864004611969
s03_8k,2,97,0.9945600032806396
s03_8k,2,98,0.9947839975357056
s03_8k,2,99,0.994047999382019
s03_8k,2,100,0.9944639801979065
s03_8k,2,101,0.9941759705543518
s03_8k,2,102,0.9963200092315674
s03_8k,2,103,0.9927039742469788
s03_8k,2,104,0.9966400265693665
s03_8k,2,105,0.9926720261573792
s03_8k,2,106,0.9920960068702698
s03_8k,2,107,0.9923840165138245
s03_8k,2,108,0.9923840165138245
s03_8k,2,109,0.9949120283126831
s03_8k,2,110,0.994271993637085
s03_8k,2,111,0.9942079782485962
s03_8k,2,112,0.9901440143585205
s03_8k,2,113,0.9987519979476929
s03_8k,2,114,0.9921280145645142
s03_8k,2,115,0.996288001537323
s03_8k,2,116,0.9963200092315674
s03_8k,2,117,0.9923200011253357
s03_8k,2,118,0.994592010974884
s03_8k,2,119,0.9925439953804016
s03_8k,2,120,0.9984319806098938
s03_8k,2,121,1.0021439790725708
s03_8k,2,122,0.9960960149765015
s03_8k,2,123,1.0021120309829712
s03_8k,2,124,0.9969919919967651
s03_8k,2,125,0.9922239780426025
s03_8k,2,126,0.994271993637085
s03_8k,2,127,0.9960640072822571
s03_8k,2,128,0.9907519817352295
s03_8k,2,129,0.9940159916877747
s03_8k,2,130,0.9940159916877747
s03_8k,2,131,0.9964479804039001
s03_8k,2,132,0.9959679841995239
s03_8k,2,133,0.9919360280036926
s03_8k,2,134,0.9927039742469788
s03_8k,2,135,0.9921280145645142
s03_8k,2,136,0.9964799880981445
s03_8k,2,137,0.9907199740409851
s03_8k,2,138,1.0005760192871094
s03_8k,2,139,0.9887040257453918
s03_8k,2,140,1.0002559423446655
s03_8k,2,141,0.9927679896354675
s03_8k,2,142,0.9907199740409851
s03_8k,2,143,0.9923840165138245
s03_8k,2,144,1.0113279819488525
s03_8k,2,145,0.996288001537323
s03_8k,2,146,0.9909120202064514
s03_8k,2,147,0.9949120283126831
s03_8k,2,148,0.9939839839935303
s03_8k,2,149,0.9949439764022827
s03_8k,2,150,0.9966400265693665
s03_8k,2,151,0.9946240186691284
s03_8k,2,152,0.9962559938430786
s03_8k,2,153,0.990559995174408
s03_8k,2,154,0.9985600113868713
s03_8k,2,155,0.9946879744529724
s03_8k,2,156,0.9924799799919128
s03_8k,2,157,0.9943040013313293
s03_8k,2,158,0.9879999756813049
s03_8k,2,159,0.9945279955863953
s03_8k,2,160,1.0051840543746948
s03_8k,2,161,0.994271993637085
s03_8k,2,162,0.9884799718856812
s03_8k,2,163,1.0009280443191528
s03_8k,2,164,0.994271993637085
s03_8k,2,165,0.9926400184631348
s03_8k,2,166,0.9907199740409851
s03_8k,2,167,0.992031991481781
s03_8k,2,168,0.9926400184631348
s03_8k,2,169,0.9946560263633728
s03_8k,2,170,0.9928640127182007
s03_8k,2,171,0.9944639801979065
s03_8k,2,172,0.9947519898414612
s03_8k,2,173,0.9923840165138245
s03_8k,2,174,0.9944000244140625
s03_8k,2,175,1.0008000135421753
s03_8k,2,176,0.996288001537323
s03_8k,2,177,1.0045119524002075
s03_8k,2,178,0.9967039823532104
s03_8k,2,179,0.9946879744529724
s03_8k,2,180,0.9965760111808777
s03_8k,2,181,0.990336000919342
s03_8k,2,182,0.9880319833755493
s03_8k,2,183,0.998304009437561
s03_8k,2,184,0.990559995174408
s03_8k,2,185,0.9928320050239563
s03_8k,2,186,0.9940800070762634
s03_8k,2,187,0.9983999729156494
s03_8k,2,188,0.9944639801979065
s03_8k,2,189,0.9923840165138245
s03_8k,2,190,0.9967679977416992
s03_8k,2,191,0.9901760220527649
s03_8k,2,192,0.9927679896354675
s03_8k,2,193,0.994271993637085
s03_8k,2,194,0.9941759705543518
s03_8k,2,195,0.9967679977416992
s03_8k,2,196,0.990336000919342
s03_8k,2,197,0.9986240267753601
s03_8k,2,198,0.9923840165138245
s03_8k,2,199,0.9946879744529724
s03_best,0,0,1.002079963684082
s03_best,0,1,1.0006719827651978
s03_best,0,2,0.9964159727096558
s03_best,0,3,0.9959999918937683
s03_best,0,4,1.0051840543746948
s03_best,0,5,0.9981759786605835
s03_best,0,6,1.007200002670288
s03_best,0,7,1.0022720098495483
s03_best,0,8,0.994271993637085
s03_best,0,9,1.0005120038986206
s03_best,0,10,0.9949759840965271
s03_best,0,11,0.9965760111808777
s03_best,0,12,0.9982399940490723
s03_best,0,13,0.9963840246200562
s03_best,0,14,0.998848021030426
s03_best,0,15,0.9960319995880127
s03_best,0,16,0.9985600113868713
s03_best,0,17,0.9925119876861572
s03_best,0,18,1.000480055809021
s03_best,0,19,0.9941759705543518
s03_best,0,20,1.000383973121643
s03_best,0,21,0.996288001537323
s03_best,0,22,0.9959999918937683
s03_best,0,23,0.9947199821472168
s03_best,0,24,1.0028159618377686
s03_best,0,25,0.9969279766082764
s03_best,0,26,0.9968640208244324
s03_best,0,27,0.9946879744529724
s03_best,0,28,0.9968960285186768
s03_best,0,29,0.9942399859428406
s03_best,0,30,0.9981120228767395
s03_best,0,31,0.9946240186691284
s03_best,0,32,1.0012480020523071
s03_best,0,33,0.9959999918937683
s03_best,0,34,1.0003199577331543
s03_best,0,35,1.0007679462432861
s03_best,0,36,1.0005760192871094
s03_best,0,37,0.9941759705543518
s03_best,0,38,0.9941759705543518
s03_best,0,39,0.9944319725036621
s03_best,0,40,0.9965440034866333
s03_best,0,41,1.0005439519882202
s03_best,0,42,1.0006719827651978
s03_best,0,43,0.9990400075912476
s03_best,0,44,0.9987840056419373
s03_best,0,45,0.9986559748649597
s03_best,0,46,0.9982079863548279
s03_best,0,47,0.9986879825592041
s03_best,0,48,0.9981759786605835
s03_best,0,49,0.998528003692627
s03_best,0,50,0.9984959959983826
s03_best,0,51,0.9984639883041382
s03_best,0,52,1.0005760192871094
s03_best,0,53,0.9943360090255737
s03_best,0,54,1.0064959526062012
s03_best,0,55,0.9940800070762634
s03_best,0,56,0.9981120228767395
s03_best,0,57,0.9962559938430786
s03_best,0,58,0.9990079998970032
s03_best,0,59,1.0024640560150146
s03_best,0,60,0.9966719746589661
s03_best,0,61,1.0026559829711914
s03_best,0,62,0.9966400265693665
s03_best,0,63,0.9961280226707458
s03_best,0,64,0.9959359765052795
s03_best,0,65,0.9960640072822571
s03_best,0,66,0.9963520169258118
s03_best,0,67,0.9944319725036621
s03_best,0,68,1.0028159618377686
s03_best,0,69,0.992576003074646
s03_best,0,70,1.0005439519882202
s03_best,0,71,0.9964799880981445
s03_best,0,72,0.9960640072822571
s03_best,0,73,0.9963840246200562
s03_best,0,74,1.0005120038986206
s03_best,0,75,0.9959040284156799
s03_best,0,76,0.9968640208244324
s03_best,0,77,0.9989759922027588
s03_best,0,78,0.9959679841995239
s03_best,0,79,1.0001599788665771
s03_best,0,80,1.0026880502700806
s03_best,0,81,0.9967679977416992
s03_best,0,82,0.9983360171318054
s03_best,0,83,0.9960640072822571
s03_best,0,84,1.0004479885101318
s03_best,0,85,0.9963840246200562
s03_best,0,86,1.0044480562210083
s03_best,0,87,0.9943680167198181
s03_best,0,88,0.9990720152854919
s03_best,0,89,0.9947839975357056
s03_best,0,90,0.9987519979476929
s03_best,0,91,0.9984959959983826
s03_best,0,92,0.9958720207214355
s03_best,0,93,0.9966719746589661
s03_best,0,94,0.9942399859428406
s03_best,0,95,0.9963520169258118
s03_best,0,96,0.9940800070762634
s03_best,0,97,0.9968960285186768
s03_best,0,98,0.9986559748649597
s03_best,0,99,0.9969279766082764
s03_best,0,100,1.0005439519882202
s03_best,0,101,0.99891197681427
s03_best,0,102,1.0007359981536865
s03_best,0,103,0.992031991481781
s03_best,0,104,1.0027199983596802
s03_best,0,105,1.0001920461654663
s03_best,0,106,0.9968000054359436
s03_best,0,107,0.9983680248260498
s03_best,0,108,0.9988800287246704
s03_best,0,109,0.9999679923057556
s03_best,0,110,0.9985920190811157
s03_best,0,111,0.9959679841995239
s03_best,0,112,1.0002880096435547
s03_best,0,113,0.997759997844696
s03_best,0,114,1.0004479885101318
s03_best,0,115,0.9964799880981445
s03_best,0,116,0.9986559748649597
s03_best,0,117,1.0049599409103394
s03_best,0,118,0.9984319806098938
s03_best,0,119,0.9982720017433167
s03_best,0,120,0.9965119957923889
s03_best,0,121,0.9979519844055176
s03_best,0,122,1.0104320049285889
s03_best,0,123,0.9961599707603455
s03_best,0,124,1.0066879987716675
s03_best,0,125,0.996288001537323
s03_best,0,126,0.9962559938430786
s03_best,0,127,1.0001280307769775
s03_best,0,128,0.9940800070762634
s03_best,0,129,1.000704050064087
s03_best,0,130,0.998528003692627
s03_best,0,131,1.0005439519882202
s03_best,0,132,0.9950079917907715
s03_best,0,133,1.0009280443191528
s03_best,0,134,0.99891197681427
s03_best,0,135,0.996832013130188
s03_best,0,136,0.9987519979476929
s03_best,0,137,1.0008959770202637
s03_best,0,138,0.9960960149765015
s03_best,0,139,1.0005760192871094
s03_best,0,140,0.9966080188751221
s03_best,0,141,1.002560019493103
s03_best,0,142,0.9944000244140625
s03_best,0,143,0.9947199821472168
s03_best,0,144,0.9942079782485962
s03_best,0,145,0.9963520169258118
s03_best,0,146,0.9970560073852539
s03_best,0,147,0.9999679923057556
s03_best,0,148,0.9925439953804016
s03_best,0,149,1.0009280443191528
s03_best,0,150,0.9962559938430786
s03_best,0,151,0.9967679977416992
s03_best,0,152,1.0006719827651978
s03_best,0,153,1.0003199577331543
s03_best,0,154,0.99481600522995
s03_best,0,155,0.998528003692627
s03_best,0,156,0.996832013130188
s03_best,0,157,0.996288001537323
s03_best,0,158,0.9986879825592041
s03_best,0,159,0.9966080188751221
s03_best,0,160,0.9960960149765015
s03_best,0,161,0.9961280226707458
s03_best,0,162,0.9946879744529724
s03_best,0,163,0.9948800206184387
s03_best,0,164,0.9983360171318054
s03_best,0,165,0.9967039823532104
s03_best,0,166,0.9963520169258118
s03_best,0,167,1.0003520250320435
s03_best,0,168,0.998848021030426
s03_best,0,169,0.998304009437561
s03_best,0,170,0.9960640072822571
s03_best,0,171,0.9980480074882507
s03_best,0,172,0.9988160133361816
s03_best,0,173,0.9984639883041382
s03_best,0,174,1.0002880096435547
s03_best,0,175,1.0030080080032349
s03_best,0,176,0.9985920190811157
s03_best,0,177,1.0026880502700806
s03_best,0,178,0.9941120147705078
s03_best,0,179,1.0002559423446655
s03_best,0,180,1.0009599924087524
s03_best,0,181,1.0028480291366577
s03_best,0,182,0.9966719746589661
s03_best,0,183,0.9969279766082764
s03_best,0,184,0.9978880286216736
s03_best,0,185,1.0001920461654663
s03_best,0,186,0.9980800151824951
s03_best,0,187,0.9965440034866333
s03_best,0,188,0.9962559938430786
s03_best,0,189,0.9968000054359436
s03_best,0,190,0.9983360171318054
s03_best,0,191,0.9980800151824951
s03_best,0,192,0.9967039823532104
s03_best,0,193,0.9992319941520691
s03_best,0,194,0.9944959878921509
s03_best,0,195,1.0067839622497559
s03_best,0,196,1.0005120038986206
s03_best,0,197,0.9982720017433167
s03_best,0,198,1.0008959770202637
s03_best,0,199,0.9969599843025208
s03_best,1,0,0.996288001537323
s03_best,1,1,0.9962559938430786
s03_best,1,2,0.9987199902534485
s03_best,1,3,0.9962559938430786
s03_best,1,4,0.9964159727096558
s03_best,1,5,0.9949120283126831
s03_best,1,6,0.9969279766082764
s03_best,1,7,0.9964799880981445
s03_best,1,8,0.9944959878921509
s03_best,1,9,1.0003520250320435
s03_best,1,10,0.9927359819412231
s03_best,1,11,0.9966719746589661
s03_best,1,12,0.9982399940490723
s03_best,1,13,1.005087971687317
s03_best,1,14,0.9946879744529724
s03_best,1,15,0.9983360171318054
s03_best,1,16,1.0023679733276367
s03_best,1,17,0.99891197681427
s03_best,1,18,0.9939839839935303
s03_best,1,19,0.9948800206184387
s03_best,1,20,0.9960319995880127
s03_best,1,21,0.9967679977416992
s03_best,1,22,0.9986559748649597
s03_best,1,23,0.9925119876861572
s03_best,1,24,0.9966400265693665
s03_best,1,25,0.9986879825592041
s03_best,1,26,0.996832013130188
s03_best,1,27,0.9946560263633728
s03_best,1,28,0.9939519762992859
s03_best,1,29,0.9986879825592041
s03_best,1,30,0.9981759786605835
s03_best,1,31,0.9961280226707458
s03_best,1,32,0.9962559938430786
s03_best,1,33,0.9962559938430786
s03_best,1,34,1.0047359466552734
s03_best,1,35,0.9958080053329468
s03_best,1,36,0.9981120228767395
s03_best,1,37,0.9940800070762634
s03_best,1,38,0.9964799880981445
s03_best,1,39,0.9982399940490723
s03_best,1,40,0.9945279955863953
s03_best,1,41,0.9981439709663391
s03_best,1,42,0.9977920055389404
s03_best,1,43,1.0024319887161255
s03_best,1,44,0.9964799880981445
s03_best,1,45,0.9981439709663391
s03_best,1,46,1.0052160024642944
s03_best,1,47,0.9966080188751221
s03_best,1,48,0.9967039823532104
s03_best,1,49,0.998528003692627
s03_best,1,50,0.9981120228767395
s03_best,1,51,0.9950720071792603
s03_best,1,52,1.002560019493103
s03_best,1,53,0.9939839839935303
s03_best,1,54,0.9945279955863953
s03_best,1,55,0.9999679923057556
s03_best,1,56,0.9968000054359436
s03_best,1,57,0.9988800287246704
s03_best,1,58,0.9981439709663391
s03_best,1,59,0.9986240267753601
s03_best,1,60,0.9968960285186768
s03_best,1,61,0.9981759786605835
s03_best,1,62,0.992576003074646
s03_best,1,63,0.9964799880981445
s03_best,1,64,0.9987519979476929
s03_best,1,65,1.002943992614746
s03_best,1,66,1.0024000406265259
s03_best,1,67,0.9963200092315674
s03_best,1,68,0.9943360090255737
s03_best,1,69,0.9959359765052795
s03_best,1,70,0.9986240267753601
s03_best,1,71,0.9985600113868713
s03_best,1,72,0.996288001537323
s03_best,1,73,0.9981439709663391
s03_best,1,74,0.9944319725036621
s03_best,1,75,0.9987199902534485
s03_best,1,76,0.998848021030426
s03_best,1,77,0.9963200092315674
s03_best,1,78,1.0005439519882202
s03_best,1,79,0.9944639801979065
s03_best,1,80,0.996832013130188
s03_best,1,81,0.9947839975357056
s03_best,1,82,0.9963520169258118
s03_best,1,83,0.9968640208244324
s03_best,1,84,0.9959999918937683
s03_best,1,85,0.9989439845085144
s03_best,1,86,0.9984319806098938
s03_best,1,87,0.9968960285186768
s03_best,1,88,0.9965760111808777
s03_best,1,89,0.99891197681427
s03_best,1,90,0.9969599843025208
s03_best,1,91,0.9985600113868713
s03_best,1,92,0.9959359765052795
s03_best,1,93,0.9963840246200562
s03_best,1,94,0.9960960149765015
s03_best,1,95,0.9985600113868713
s03_best,1,96,0.9946240186691284
s03_best,1,97,0.9982399940490723
s03_best,1,98,1.0001280307769775
s03_best,1,99,0.9984319806098938
s03_best,1,100,0.9986240267753601
s03_best,1,101,0.9947839975357056
s03_best,1,102,0.9986559748649597
s03_best,1,103,0.9986559748649597
s03_best,1,104,1.0008959770202637
s03_best,1,105,0.9945600032806396
s03_best,1,106,0.9943040013313293
s03_best,1,107,0.9959040284156799
s03_best,1,108,0.9982720017433167
s03_best,1,109,1.006943941116333
s03_best,1,110,0.9964159727096558
s03_best,1,111,0.9988800287246704
s03_best,1,112,1.0006719827651978
s03_best,1,113,1.0002880096435547
s03_best,1,114,1.0063040256500244
s03_best,1,115,0.9940800070762634
s03_best,1,116,0.9964479804039001
s03_best,1,117,0.9949120283126831
s03_best,1,118,0.9944639801979065
s03_best,1,119,0.9966719746589661
s03_best,1,120,0.9965119957923889
s03_best,1,121,0.9961280226707458
s03_best,1,122,0.9963200092315674
s03_best,1,123,0.99481600522995
s03_best,1,124,0.9967039823532104
s03_best,1,125,0.9949120283126831
s03_best,1,126,0.9977279901504517
s03_best,1,127,1.000991940498352
s03_best,1,128,1.010815978050232
s03_best,1,129,0.9962559938430786
s03_best,1,130,0.9919040203094482
s03_best,1,131,1.0044480562210083
s03_best,1,132,0.9986559748649597
s03_best,1,133,0.9963520169258118
s03_best,1,134,1.0011199712753296
s03_best,1,135,0.9924799799919128
s03_best,1,136,1.0022079944610596
s03_best,1,137,0.996832013130188
s03_best,1,138,0.9960640072822571
s03_best,1,139,0.9987519979476929
s03_best,1,140,0.9990079998970032
s03_best,1,141,0.9987840056419373
s03_best,1,142,0.9947519898414612
s03_best,1,143,0.9983999729156494
s03_best,1,144,0.9967359900474548
s03_best,1,145,1.002943992614746
s03_best,1,146,0.9963520169258118
s03_best,1,147,1.0091520547866821
s03_best,1,148,1.0008959770202637
s03_best,1,149,0.9963520169258118
s03_best,1,150,0.9984319806098938
s03_best,1,151,0.9962239861488342
s03_best,1,152,1.0024000406265259
s03_best,1,153,0.9962559938430786
s03_best,1,154,0.9963840246200562
s03_best,1,155,1.000480055809021
s03_best,1,156,0.998304009437561
s03_best,1,157,0.9990720152854919
s03_best,1,158,0.9968960285186768
s03_best,1,159,1.0005120038986206
s03_best,1,160,0.998848021030426
s03_best,1,161,0.9967359900474548
s03_best,1,162,0.9960960149765015
s03_best,1,163,1.000480055809021
s03_best,1,164,0.9981759786605835
s03_best,1,165,1.0089600086212158
s03_best,1,166,0.9989759922027588
s03_best,1,167,0.9984639883041382
s03_best,1,168,1.0002559423446655
s03_best,1,169,0.9982720017433167
s03_best,1,170,0.9981120228767395
s03_best,1,171,0.998528003692627
s03_best,1,172,1.0003520250320435
s03_best,1,173,1.0006400346755981
s03_best,1,174,0.9941120147705078
s03_best,1,175,1.0006400346755981
s03_best,1,176,0.9945600032806396
s03_best,1,177,1.0049599409103394
s03_best,1,178,0.9946560263633728
s03_best,1,179,1.0025919675827026
s03_best,1,180,0.9984959959983826
s03_best,1,181,0.9940159916877747
s03_best,1,182,0.9948480129241943
s03_best,1,183,0.9928960204124451
s03_best,1,184,0.9986559748649597
s03_best,1,185,0.9927999973297119
s03_best,1,186,0.9947199821472168
s03_best,1,187,0.9983360171318054
s03_best,1,188,0.9961599707603455
s03_best,1,189,0.9938240051269531
s03_best,1,190,0.998304009437561
s03_best,1,191,0.9967359900474548
s03_best,1,192,0.9963840246200562
s03_best,1,193,0.9963840246200562
s03_best,1,194,0.9984639883041382
s03_best,1,195,0.9988160133361816
s03_best,1,196,0.9960640072822571
s03_best,1,197,0.9969599843025208
s03_best,1,198,0.9988160133361816
s03_best,1,199,0.9986879825592041
s03_best,2,0,1.000223994255066
s03_best,2,1,0.9990720152854919
s03_best,2,2,0.9960640072822571
s03_best,2,3,0.9941120147705078
s03_best,2,4,0.9985920190811157
s03_best,2,5,0.9929919838905334
s03_best,2,6,1.0028480291366577
s03_best,2,7,0.9949439764022827
s03_best,2,8,0.9981120228767395
s03_best,2,9,0.9980800151824951
s03_best,2,10,0.9963840246200562
s03_best,2,11,0.9980159997940063
s03_best,2,12,0.9963840246200562
s03_best,2,13,1.0005120038986206
s03_best,2,14,0.9983680248260498
s03_best,2,15,1.000831961631775
s03_best,2,16,0.9986240267753601
s03_best,2,17,0.9967679977416992
s03_best,2,18,0.9981120228767395
s03_best,2,19,0.9991359710693359
s03_best,2,20,1.000864028930664
s03_best,2,21,0.9986559748649597
s03_best,2,22,1.0003199577331543
s03_best,2,23,1.0031039714813232
s03_best,2,24,0.9968960285186768
s03_best,2,25,0.9983999729156494
s03_best,2,26,0.9959359765052795
s03_best,2,27,1.0026880502700806
s03_best,2,28,0.9985920190811157
s03_best,2,29,1.0001920461654663
s03_best,2,30,0.9942079782485962
s03_best,2,31,1.0047999620437622
s03_best,2,32,0.9966080188751221
s03_best,2,33,0.9959359765052795
s03_best,2,34,0.9966719746589661
s03_best,2,35,0.9981759786605835
s03_best,2,36,0.9964799880981445
s03_best,2,37,0.9925119876861572
s03_best,2,38,0.9982720017433167
s03_best,2,39,0.9946879744529724
s03_best,2,40,0.998528003692627
s03_best,2,41,0.9981439709663391
s03_best,2,42,1.003167986869812
s03_best,2,43,0.9990400075912476
s03_best,2,44,0.998528003692627
s03_best,2,45,0.9960960149765015
s03_best,2,46,0.9919999837875366
s03_best,2,47,1.0091520547866821
s03_best,2,48,0.996832013130188
s03_best,2,49,0.9965760111808777
s03_best,2,50,0.9966719746589661
s03_best,2,51,0.9944639801979065
s03_best,2,52,1.0005439519882202
s03_best,2,53,0.9963520169258118
s03_best,2,54,0.9985600113868713
s03_best,2,55,0.9989439845085144
s03_best,2,56,0.9947199821472168
s03_best,2,57,1.0024960041046143
s03_best,2,58,0.9988160133361816
s03_best,2,59,0.9991679787635803
s03_best,2,60,1.0030720233917236
s03_best,2,61,0.9981759786605835
s03_best,2,62,1.0084160566329956
s03_best,2,63,1.0001599788665771
s03_best,2,64,1.0066879987716675
s03_best,2,65,0.998848021030426
s03_best,2,66,0.9987519979476929
s03_best,2,67,0.9982079863548279
s03_best,2,68,0.9959999918937683
s03_best,2,69,0.9966080188751221
s03_best,2,70,0.9963200092315674
s03_best,2,71,0.9982079863548279
s03_best,2,72,1.001312017440796
s03_best,2,73,0.9948480129241943
s03_best,2,74,0.998304009437561
s03_best,2,75,0.9988800287246704
s03_best,2,76,0.9948800206184387
s03_best,2,77,1.0005439519882202
s03_best,2,78,0.998304009437561
s03_best,2,79,0.9966080188751221
s03_best,2,80,0.9985920190811157
s03_best,2,81,0.998304009437561
s03_best,2,82,1.0008959770202637
s03_best,2,83,1.0026559829711914
s03_best,2,84,1.0005120038986206
s03_best,2,85,0.9965119957923889
s03_best,2,86,0.9930239915847778
s03_best,2,87,0.9946240186691284
s03_best,2,88,1.0004479885101318
s03_best,2,89,1.0006719827651978
s03_best,2,90,0.9962559938430786
s03_best,2,91,1.0066879987716675
s03_best,2,92,0.9939200282096863
s03_best,2,93,1.0043840408325195
s03_best,2,94,0.9960640072822571
s03_best,2,95,0.9941440224647522
s03_best,2,96,0.99891197681427
s03_best,2,97,0.9959999918937683
s03_best,2,98,0.9962239861488342
s03_best,2,99,0.9926400184631348
s03_best,2,100,1.0009280443191528
s03_best,2,101,0.9921919703483582
s03_best,2,102,1.0029120445251465
s03_best,2,103,0.9964159727096558
s03_best,2,104,0.9960640072822571
s03_best,2,105,0.9925439953804016
s03_best,2,106,0.9960319995880127
s03_best,2,107,0.9969919919967651
s03_best,2,108,0.9928320050239563
s03_best,2,109,0.9965760111808777
s03_best,2,110,0.990336000919342
s03_best,2,111,1.0002559423446655
s03_best,2,112,0.994047999382019
s03_best,2,113,0.9960640072822571
s03_best,2,114,0.998304009437561
s03_best,2,115,0.9964159727096558
s03_best,2,116,0.9981439709663391
s03_best,2,117,0.9964159727096558
s03_best,2,118,0.9984639883041382
s03_best,2,119,0.9965440034866333
s03_best,2,120,0.9984639883041382
s03_best,2,121,0.9944959878921509
s03_best,2,122,0.9949759840965271
s03_best,2,123,0.9967679977416992
s03_best,2,124,0.9950399994850159
s03_best,2,125,0.9984319806098938
s03_best,2,126,0.9960319995880127
s03_best,2,127,1.0010559558868408
s03_best,2,128,0.997983992099762
s03_best,2,129,0.9949120283126831
s03_best,2,130,0.9990720152854919
s03_best,2,131,0.9990720152854919
s03_best,2,132,1.000223994255066
s03_best,2,133,0.9981120228767395
s03_best,2,134,0.9986240267753601
s03_best,2,135,1.0004160404205322
s03_best,2,136,0.9988160133361816
s03_best,2,137,0.9967039823532104
s03_best,2,138,1.000383973121643
s03_best,2,139,1.0018559694290161
s03_best,2,140,1.0025919675827026
s03_best,2,141,0.9981439709663391
s03_best,2,142,1.0003199577331543
s03_best,2,143,0.9970239996910095
s03_best,2,144,1.0063040256500244
s03_best,2,145,1.0003520250320435
s03_best,2,146,0.9967679977416992
s03_best,2,147,1.0050560235977173
s03_best,2,148,0.9969919919967651
s03_best,2,149,0.9968640208244324
s03_best,2,150,0.998848021030426
s03_best,2,151,0.9984959959983826
s03_best,2,152,0.9989759922027588
s03_best,2,153,0.9943680167198181
s03_best,2,154,1.0006719827651978
s03_best,2,155,1.0067520141601562
s03_best,2,156,1.002560019493103
s03_best,2,157,1.000864028930664
s03_best,2,158,1.000383973121643
s03_best,2,159,1.0024000406265259
s03_best,2,160,0.9940159916877747
s03_best,2,161,0.9966719746589661
s03_best,2,162,0.9904320240020752
s03_best,2,163,1.0022720098495483
s03_best,2,164,0.9941120147705078
s03_best,2,165,0.9941120147705078
s03_best,2,166,0.9982399940490723
s03_best,2,167,0.9982720017433167
s03_best,2,168,0.9988800287246704
s03_best,2,169,0.9945600032806396
s03_best,2,170,1.0008000135421753
s03_best,2,171,0.9926400184631348
s03_best,2,172,1.0027519464492798
s03_best,2,173,1.000223994255066
s03_best,2,174,1.000864028930664
s03_best,2,175,0.9983680248260498
s03_best,2,176,0.9992319941520691
s03_best,2,177,0.9981759786605835
s03_best,2,178,1.0008000135421753
s03_best,2,179,0.9989759922027588
s03_best,2,180,0.9964799880981445
s03_best,2,181,1.0007359981536865
s03_best,2,182,0.9982399940490723
s03_best,2,183,0.9963200092315674
s03_best,2,184,1.0024319887161255
s03_best,2,185,0.9962559938430786
s03_best,2,186,1.002943992614746
s03_best,2,187,0.9923840165138245
s03_best,2,188,1.0007359981536865
s03_best,2,189,0.9967679977416992
s03_best,2,190,0.9981759786605835
s03_best,2,191,0.9923520088195801
s03_best,2,192,1.0000959634780884
s03_best,2,193,0.9944000244140625
s03_best,2,194,0.9979199767112732
s03_best,2,195,1.0028799772262573
s03_best,2,196,1.0006719827651978
s03_best,2,197,1.0018559694290161
s03_best,2,198,1.0008000135421753
s03_best,2,199,0.9985920190811157
s03_last,0,0,0.9959040284156799
s03_last,0,1,1.0006400346755981
s03_last,0,2,0.9965119957923889
s03_last,0,3,0.9987199902534485
s03_last,0,4,0.9983999729156494
s03_last,0,5,0.9964799880981445
s03_last,0,6,0.99481600522995
s03_last,0,7,0.9960640072822571
s03_last,0,8,0.9941759705543518
s03_last,0,9,0.9946879744529724
s03_last,0,10,0.9937599897384644
s03_last,0,11,1.002560019493103
s03_last,0,12,0.9949759840965271
s03_last,0,13,0.9903680086135864
s03_last,0,14,0.9989759922027588
s03_last,0,15,0.9928640127182007
s03_last,0,16,0.989952027797699
s03_last,0,17,0.9967039823532104
s03_last,0,18,1.0091840028762817
s03_last,0,19,0.9949439764022827
s03_last,0,20,0.9941440224647522
s03_last,0,21,0.9941120147705078
s03_last,0,22,0.9904639720916748
s03_last,0,23,0.9988800287246704
s03_last,0,24,0.9960640072822571
s03_last,0,25,0.9985600113868713
s03_last,0,26,0.9939200282096863
s03_last,0,27,0.9965119957923889
s03_last,0,28,0.9990720152854919
s03_last,0,29,0.9942399859428406
s03_last,0,30,1.0003520250320435
s03_last,0,31,1.0064640045166016
s03_last,0,32,0.9967679977416992
s03_last,0,33,0.9943360090255737
s03_last,0,34,0.9987519979476929
s03_last,0,35,0.994592010974884
s03_last,0,36,0.9945600032806396
s03_last,0,37,0.9989439845085144
s03_last,0,38,0.9922559857368469
s03_last,0,39,1.0002880096435547
s03_last,0,40,0.9924799799919128
s03_last,0,41,0.9922239780426025
s03_last,0,42,0.9943680167198181
s03_last,0,43,0.9928320050239563
s03_last,0,44,1.0005120038986206
s03_last,0,45,0.9940159916877747
s03_last,0,46,0.9986559748649597
s03_last,0,47,0.9906880259513855
s03_last,0,48,0.9987840056419373
s03_last,0,49,0.9922879934310913
s03_last,0,50,0.9921919703483582
s03_last,0,51,0.9966719746589661
s03_last,0,52,0.994271993637085
s03_last,0,53,0.9949439764022827
s03_last,0,54,0.9923520088195801
s03_last,0,55,0.9979519844055176
s03_last,0,56,0.9906240105628967
s03_last,0,57,0.9906560182571411
s03_last,0,58,0.9961919784545898
s03_last,0,59,0.9944000244140625
s03_last,0,60,0.9944319725036621
s03_last,0,61,0.9943680167198181
s03_last,0,62,1.0010240077972412
s03_last,0,63,0.9908480048179626
s03_last,0,64,1.000991940498352
s03_last,0,65,0.994271993637085
s03_last,0,66,0.9923200011253357
s03_last,0,67,0.9928960204124451
s03_last,0,68,0.994592010974884
s03_last,0,69,0.9946240186691284
s03_last,0,70,0.9948800206184387
s03_last,0,71,0.9941759705543518
s03_last,0,72,0.998528003692627
s03_last,0,73,0.9978240132331848
s03_last,0,74,0.9947519898414612
s03_last,0,75,0.9945600032806396
s03_last,0,76,0.9968000054359436
s03_last,0,77,0.9964159727096558
s03_last,0,78,0.994047999382019
s03_last,0,79,0.9940800070762634
s03_last,0,80,0.9940159916877747
s03_last,0,81,0.9965440034866333
s03_last,0,82,0.998304009437561
s03_last,0,83,0.9907519817352295
s03_last,0,84,0.9965440034866333
s03_last,0,85,0.9940800070762634
s03_last,0,86,0.9962559938430786
s03_last,0,87,0.9945600032806396
s03_last,0,88,0.996288001537323
s03_last,0,89,0.9942399859428406
s03_last,0,90,0.9920639991760254
s03_last,0,91,0.9961919784545898
s03_last,0,92,0.9944959878921509
s03_last,0,93,0.9962239861488342
s03_last,0,94,1.0089279413223267
s03_last,0,95,0.9920639991760254
s03_last,0,96,1.0050239562988281
s03_last,0,97,0.9963200092315674
s03_last,0,98,0.9962239861488342
s03_last,0,99,1.0028480291366577
s03_last,0,100,0.9968960285186768
s03_last,0,101,0.9941440224647522
s03_last,0,102,0.990559995174408
s03_last,0,103,0.9981439709663391
s03_last,0,104,0.9941120147705078
s03_last,0,105,0.9919040203094482
s03_last,0,106,0.992576003074646
s03_last,0,107,0.9980480074882507
s03_last,0,108,0.9949120283126831
s03_last,0,109,0.9979519844055176
s03_last,0,110,0.998848021030426
s03_last,0,111,0.9944319725036621
s03_last,0,112,0.9946240186691284
s03_last,0,113,0.9967679977416992
s03_last,0,114,0.9964799880981445
s03_last,0,115,1.0030080080032349
s03_last,0,116,0.9959359765052795
s03_last,0,117,0.9941440224647522
s03_last,0,118,1.0009599924087524
s03_last,0,119,0.9965440034866333
s03_last,0,120,0.9968000054359436
s03_last,0,121,0.9941120147705078
s03_last,0,122,0.9962559938430786
s03_last,0,123,0.9983360171318054
s03_last,0,124,0.9942399859428406
s03_last,0,125,0.9989439845085144
s03_last,0,126,0.9944639801979065
s03_last,0,127,0.9948480129241943
s03_last,0,128,0.9962239861488342
s03_last,0,129,0.9918720126152039
s03_last,0,130,1.0022399425506592
s03_last,0,131,0.9928320050239563
s03_last,0,132,1.0007679462432861
s03_last,0,133,0.9921919703483582
s03_last,0,134,1.006719946861267
s03_last,0,135,0.9944319725036621
s03_last,0,136,0.9944639801979065
s03_last,0,137,0.9927679896354675
s03_last,0,138,0.9886080026626587
s03_last,0,139,0.9965760111808777
s03_last,0,140,0.9944639801979065
s03_last,0,141,0.9947199821472168
s03_last,0,142,0.9967679977416992
s03_last,0,143,0.9982079863548279
s03_last,0,144,0.992576003074646
s03_last,0,145,0.9947839975357056
s03_last,0,146,0.9978880286216736
s03_last,0,147,0.998304009437561
s03_last,0,148,0.9962239861488342
s03_last,0,149,1.0026240348815918
s03_last,0,150,0.9927999973297119
s03_last,0,151,0.9942399859428406
s03_last,0,152,0.9960319995880127
s03_last,0,153,0.9906240105628967
s03_last,0,154,1.0031360387802124
s03_last,0,155,0.9903039932250977
s03_last,0,156,0.996288001537323
s03_last,0,157,0.9923840165138245
s03_last,0,158,0.9949759840965271
s03_last,0,159,0.9943360090255737
s03_last,0,160,0.9928640127182007
s03_last,0,161,1.000864028930664
s03_last,0,162,0.9943360090255737
s03_last,0,163,0.9963200092315674
s03_last,0,164,0.9948800206184387
s03_last,0,165,0.9944639801979065
s03_last,0,166,0.9960640072822571
s03_last,0,167,0.9945600032806396
s03_last,0,168,0.99891197681427
s03_last,0,169,0.9947519898414612
s03_last,0,170,0.9969919919967651
s03_last,0,171,0.9901760220527649
s03_last,0,172,0.9963200092315674
s03_last,0,173,0.9963840246200562
s03_last,0,174,0.9945279955863953
s03_last,0,175,0.9945600032806396
s03_last,0,176,0.9944319725036621
s03_last,0,177,0.9988160133361816
s03_last,0,178,0.9960960149765015
s03_last,0,179,0.9945279955863953
s03_last,0,180,0.9985600113868713
s03_last,0,181,0.9967359900474548
s03_last,0,182,0.9925439953804016
s03_last,0,183,0.9964479804039001
s03_last,0,184,0.9920639991760254
s03_last,0,185,0.9947839975357056
s03_last,0,186,0.996288001537323
s03_last,0,187,0.9926720261573792
s03_last,0,188,0.9970239996910095
s03_last,0,189,0.9982399940490723
s03_last,0,190,0.9963520169258118
s03_last,0,191,1.0008959770202637
s03_last,0,192,0.9963520169258118
s03_last,0,193,0.9945600032806396
s03_last,0,194,0.9948480129241943
s03_last,0,195,0.9948480129241943
s03_last,0,196,0.9942399859428406
s03_last,0,197,0.997983992099762
s03_last,0,198,0.998528003692627
s03_last,0,199,0.9966400265693665
s03_last,1,0,0.9963520169258118
s03_last,1,1,0.9918720126152039
s03_last,1,2,1.0004160404205322
s03_last,1,3,0.9965440034866333
s03_last,1,4,0.9944639801979065
s03_last,1,5,0.9984319806098938
s03_last,1,6,0.9927679896354675
s03_last,1,7,0.9941120147705078
s03_last,1,8,0.9968640208244324
s03_last,1,9,0.9946560263633728
s03_last,1,10,1.004256010055542
s03_last,1,11,0.9965760111808777
s03_last,1,12,1.0025919675827026
s03_last,1,13,0.9964479804039001
s03_last,1,14,0.9988160133361816
s03_last,1,15,0.9944639801979065
s03_last,1,16,0.9968960285186768
s03_last,1,17,0.9944000244140625
s03_last,1,18,0.9927679896354675
s03_last,1,19,0.9985920190811157
s03_last,1,20,0.99481600522995
s03_last,1,21,0.9946879744529724
s03_last,1,22,0.9968640208244324
s03_last,1,23,0.997983992099762
s03_last,1,24,0.9927359819412231
s03_last,1,25,1.000831961631775
s03_last,1,26,0.9944639801979065
s03_last,1,27,0.9962239861488342
s03_last,1,28,1.0069760084152222
s03_last,1,29,0.9965119957923889
s03_last,1,30,1.00108802318573
s03_last,1,31,0.9967039823532104
s03_last,1,32,1.0028480291366577
s03_last,1,33,0.9982720017433167
s03_last,1,34,0.9926720261573792
s03_last,1,35,0.9982720017433167
s03_last,1,36,0.9983360171318054
s03_last,1,37,0.9938880205154419
s03_last,1,38,0.9923840165138245
s03_last,1,39,1.000223994255066
s03_last,1,40,0.9920639991760254
s03_last,1,41,1.0002880096435547
s03_last,1,42,0.9922239780426025
s03_last,1,43,0.9947839975357056
s03_last,1,44,0.9984959959983826
s03_last,1,45,1.000991940498352
s03_last,1,46,0.99481600522995
s03_last,1,47,0.9961919784545898
s03_last,1,48,1.0008000135421753
s03_last,1,49,0.9968640208244324
s03_last,1,50,1.0028159618377686
s03_last,1,51,0.9881920218467712
s03_last,1,52,0.9947519898414612
s03_last,1,53,0.9947839975357056
s03_last,1,54,0.9939200282096863
s03_last,1,55,0.9982720017433167
s03_last,1,56,0.9943040013313293
s03_last,1,57,0.9969919919967651
s03_last,1,58,0.9947519898414612
s03_last,1,59,0.9940159916877747
s03_last,1,60,0.9981439709663391
s03_last,1,61,1.0000640153884888
s03_last,1,62,0.9960960149765015
s03_last,1,63,0.9943680167198181
s03_last,1,64,1.0006400346755981
s03_last,1,65,1.0024960041046143
s03_last,1,66,1.0044159889221191
s03_last,1,67,0.9943360090255737
s03_last,1,68,0.9966400265693665
s03_last,1,69,0.9924799799919128
s03_last,1,70,0.996288001537323
s03_last,1,71,0.99481600522995
s03_last,1,72,0.9927679896354675
s03_last,1,73,0.9965760111808777
s03_last,1,74,0.9942399859428406
s03_last,1,75,0.9943360090255737
s03_last,1,76,1.004639983177185
s03_last,1,77,0.9962239861488342
s03_last,1,78,0.9965119957923889
s03_last,1,79,0.990559995174408
s03_last,1,80,0.9969919919967651
s03_last,1,81,0.9985920190811157
s03_last,1,82,0.994047999382019
s03_last,1,83,0.9964479804039001
s03_last,1,84,0.9960640072822571
s03_last,1,85,0.9964479804039001
s03_last,1,86,0.9965119957923889
s03_last,1,87,0.9944959878921509
s03_last,1,88,1.0002559423446655
s03_last,1,89,0.9958720207214355
s03_last,1,90,0.9967359900474548
s03_last,1,91,0.9907519817352295
s03_last,1,92,0.9943040013313293
s03_last,1,93,0.9961919784545898
s03_last,1,94,0.9983999729156494
s03_last,1,95,0.9899200201034546
s03_last,1,96,1.0008959770202637
s03_last,1,97,0.9926400184631348
s03_last,1,98,0.9966719746589661
s03_last,1,99,0.9940159916877747
s03_last,1,100,0.9940159916877747
s03_last,1,101,0.9967679977416992
s03_last,1,102,0.9981759786605835
s03_last,1,103,0.9961919784545898
s03_last,1,104,0.9946560263633728
s03_last,1,105,0.9942079782485962
s03_last,1,106,0.9964159727096558
s03_last,1,107,0.9984639883041382
s03_last,1,108,0.9966400265693665
s03_last,1,109,0.9923520088195801
s03_last,1,110,0.9967039823532104
s03_last,1,111,0.9943360090255737
s03_last,1,112,0.9942399859428406
s03_last,1,113,0.9922559857368469
s03_last,1,114,0.9943040013313293
s03_last,1,115,0.9929280281066895
s03_last,1,116,0.9906880259513855
s03_last,1,117,0.9944319725036621
s03_last,1,118,0.9964159727096558
s03_last,1,119,0.9947199821472168
s03_last,1,120,0.9947839975357056
s03_last,1,121,0.9982399940490723
s03_last,1,122,0.9948480129241943
s03_last,1,123,0.9947519898414612
s03_last,1,124,0.9967039823532104
s03_last,1,125,0.9944959878921509
s03_last,1,126,0.9960319995880127
s03_last,1,127,1.0001280307769775
s03_last,1,128,0.9962559938430786
s03_last,1,129,1.0071040391921997
s03_last,1,130,1.000480055809021
s03_last,1,131,0.9982079863548279
s03_last,1,132,0.997983992099762
s03_last,1,133,1.0047999620437622
s03_last,1,134,0.9943680167198181
s03_last,1,135,0.9965119957923889
s03_last,1,136,0.9945279955863953
s03_last,1,137,0.9965119957923889
s03_last,1,138,0.9941759705543518
s03_last,1,139,0.9949759840965271
s03_last,1,140,0.9924799799919128
s03_last,1,141,0.9944319725036621
s03_last,1,142,0.9960960149765015
s03_last,1,143,0.994592010974884
s03_last,1,144,1.0003520250320435
s03_last,1,145,0.9968960285186768
s03_last,1,146,0.9960319995880127
s03_last,1,147,0.9981759786605835
s03_last,1,148,0.992031991481781
s03_last,1,149,0.9963520169258118
s03_last,1,150,1.0062079429626465
s03_last,1,151,0.9980800151824951
s03_last,1,152,0.9986879825592041
s03_last,1,153,0.9940800070762634
s03_last,1,154,0.9938880205154419
s03_last,1,155,0.9969919919967651
s03_last,1,156,0.9965760111808777
s03_last,1,157,1.0002559423446655
s03_last,1,158,0.998304009437561
s03_last,1,159,0.9981120228767395
s03_last,1,160,0.9961599707603455
s03_last,1,161,0.9961280226707458
s03_last,1,162,0.9969279766082764
s03_last,1,163,0.9969919919967651
s03_last,1,164,1.0004160404205322
s03_last,1,165,0.9921280145645142
s03_last,1,166,0.9984959959983826
s03_last,1,167,1.0050560235977173
s03_last,1,168,0.9960960149765015
s03_last,1,169,0.9966719746589661
s03_last,1,170,0.9949759840965271
s03_last,1,171,0.9940159916877747
s03_last,1,172,0.9965760111808777
s03_last,1,173,0.9987199902534485
s03_last,1,174,0.994592010974884
s03_last,1,175,0.996288001537323
s03_last,1,176,0.9964799880981445
s03_last,1,177,0.9966719746589661
s03_last,1,178,0.9967359900474548
s03_last,1,179,0.9943360090255737
s03_last,1,180,0.9965440034866333
s03_last,1,181,1.000607967376709
s03_last,1,182,0.9990720152854919
s03_last,1,183,0.9926400184631348
s03_last,1,184,1.0046080350875854
s03_last,1,185,0.9964159727096558
s03_last,1,186,0.9904320240020752
s03_last,1,187,0.9925439953804016
s03_last,1,188,0.9919999837875366
s03_last,1,189,0.9981120228767395
s03_last,1,190,0.9944319725036621
s03_last,1,191,0.9969279766082764
s03_last,1,192,0.9944959878921509
s03_last,1,193,0.9929280281066895
s03_last,1,194,0.9959040284156799
s03_last,1,195,0.9982399940490723
s03_last,1,196,0.9966080188751221
s03_last,1,197,0.9909120202064514
s03_last,1,198,0.994047999382019
s03_last,1,199,0.9965440034866333
s03_last,2,0,0.997983992099762
s03_last,2,1,0.9939839839935303
s03_last,2,2,0.9987519979476929
s03_last,2,3,0.9959359765052795
s03_last,2,4,0.994047999382019
s03_last,2,5,0.9944639801979065
s03_last,2,6,0.9967039823532104
s03_last,2,7,0.9960640072822571
s03_last,2,8,0.9939839839935303
s03_last,2,9,0.9969919919967651
s03_last,2,10,0.9940800070762634
s03_last,2,11,1.0023679733276367
s03_last,2,12,0.9943360090255737
s03_last,2,13,0.9927999973297119
s03_last,2,14,1.0006719827651978
s03_last,2,15,0.9947519898414612
s03_last,2,16,0.9964159727096558
s03_last,2,17,0.99481600522995
s03_last,2,18,0.998848021030426
s03_last,2,19,0.9943680167198181
s03_last,2,20,0.9943040013313293
s03_last,2,21,0.9963840246200562
s03_last,2,22,0.9961599707603455
s03_last,2,23,0.9980800151824951
s03_last,2,24,1.000383973121643
s03_last,2,25,0.9981759786605835
s03_last,2,26,1.000223994255066
s03_last,2,27,0.9942399859428406
s03_last,2,28,0.9981439709663391
s03_last,2,29,0.9946560263633728
s03_last,2,30,0.9966400265693665
s03_last,2,31,0.9983999729156494
s03_last,2,32,0.9990400075912476
s03_last,2,33,0.9987199902534485
s03_last,2,34,0.998304009437561
s03_last,2,35,0.9959040284156799
s03_last,2,36,0.9950399994850159
s03_last,2,37,1.0026559829711914
s03_last,2,38,0.994592010974884
s03_last,2,39,0.9960640072822571
s03_last,2,40,0.9980800151824951
s03_last,2,41,0.9965119957923889
s03_last,2,42,0.9980480074882507
s03_last,2,43,1.0008959770202637
s03_last,2,44,0.9961599707603455
s03_last,2,45,0.9970239996910095
s03_last,2,46,0.9968640208244324
s03_last,2,47,1.0042879581451416
s03_last,2,48,1.00108802318573
s03_last,2,49,1.0029120445251465
s03_last,2,50,0.9939839839935303
s03_last,2,51,1.0024960041046143
s03_last,2,52,0.9922879934310913
s03_last,2,53,0.9988800287246704
s03_last,2,54,0.9979199767112732
s03_last,2,55,0.9969599843025208
s03_last,2,56,0.9964159727096558
s03_last,2,57,0.9944639801979065
s03_last,2,58,0.9948480129241943
s03_last,2,59,0.9941759705543518
s03_last,2,60,1.0022720098495483
s03_last,2,61,0.9966080188751221
s03_last,2,62,0.9984319806098938
s03_last,2,63,1.002336025238037
s03_last,2,64,0.9982399940490723
s03_last,2,65,0.9969279766082764
s03_last,2,66,1.0003199577331543
s03_last,2,67,0.9983680248260498
s03_last,2,68,0.9927999973297119
s03_last,2,69,0.9967039823532104
s03_last,2,70,0.9982079863548279
s03_last,2,71,0.9987519979476929
s03_last,2,72,0.9961599707603455
s03_last,2,73,0.9939839839935303
s03_last,2,74,0.9944639801979065
s03_last,2,75,0.9945600032806396
s03_last,2,76,0.9982399940490723
s03_last,2,77,0.9926720261573792
s03_last,2,78,1.000831961631775
s03_last,2,79,0.99481600522995
s03_last,2,80,0.9985600113868713
s03_last,2,81,0.9965760111808777
s03_last,2,82,0.9967039823532104
s03_last,2,83,1.0
s03_last,2,84,0.9941120147705078
s03_last,2,85,1.0008000135421753
s03_last,2,86,0.9964159727096558
s03_last,2,87,0.9965119957923889
s03_last,2,88,1.0028480291366577
s03_last,2,89,0.998304009437561
s03_last,2,90,0.9930239915847778
s03_last,2,91,0.9966400265693665
s03_last,2,92,0.9980800151824951
s03_last,2,93,0.9962239861488342
s03_last,2,94,0.996288001537323
s03_last,2,95,0.9961280226707458
s03_last,2,96,0.9982720017433167
s03_last,2,97,0.99481600522995
s03_last,2,98,0.9963200092315674
s03_last,2,99,1.000704050064087
s03_last,2,100,0.9940800070762634
s03_last,2,101,0.9983999729156494
s03_last,2,102,1.0005120038986206
s03_last,2,103,0.9985920190811157
s03_last,2,104,0.9961280226707458
s03_last,2,105,0.994047999382019
s03_last,2,106,0.9970239996910095
s03_last,2,107,0.9906560182571411
s03_last,2,108,0.9987199902534485
s03_last,2,109,0.9923520088195801
s03_last,2,110,0.9942399859428406
s03_last,2,111,0.9963200092315674
s03_last,2,112,0.9939519762992859
s03_last,2,113,0.9986879825592041
s03_last,2,114,0.9944959878921509
s03_last,2,115,0.9946560263633728
s03_last,2,116,0.9919360280036926
s03_last,2,117,1.0003199577331543
s03_last,2,118,0.9940159916877747
s03_last,2,119,0.9965440034866333
s03_last,2,120,0.9940800070762634
s03_last,2,121,0.9944319725036621
s03_last,2,122,0.9986879825592041
s03_last,2,123,0.990015983581543
s03_last,2,124,0.9980159997940063
s03_last,2,125,0.9903680086135864
s03_last,2,126,0.9944639801979065
s03_last,2,127,0.9961280226707458
s03_last,2,128,0.998528003692627
s03_last,2,129,0.9962559938430786
s03_last,2,130,0.9965440034866333
s03_last,2,131,0.9960319995880127
s03_last,2,132,0.99481600522995
s03_last,2,133,0.99891197681427
s03_last,2,134,0.9945600032806396
s03_last,2,135,1.0005439519882202
s03_last,2,136,0.9963840246200562
s03_last,2,137,0.9950079917907715
s03_last,2,138,0.9944959878921509
s03_last,2,139,0.9927999973297119
s03_last,2,140,0.9987519979476929
s03_last,2,141,0.9923520088195801
s03_last,2,142,0.9983999729156494
s03_last,2,143,0.99481600522995
s03_last,2,144,0.9966400265693665
s03_last,2,145,0.9966719746589661
s03_last,2,146,0.9969599843025208
s03_last,2,147,0.9969599843025208
s03_last,2,148,0.9966719746589661
s03_last,2,149,0.9981439709663391
s03_last,2,150,0.9963200092315674
s03_last,2,151,0.9965440034866333
s03_last,2,152,0.9963520169258118
s03_last,2,153,0.9919360280036926
s03_last,2,154,0.996288001537323
s03_last,2,155,1.0000640153884888
s03_last,2,156,1.000831961631775
s03_last,2,157,1.0001920461654663
s03_last,2,158,0.9986559748649597
s03_last,2,159,0.9981120228767395
s03_last,2,160,0.9963200092315674
s03_last,2,161,0.9925439953804016
s03_last,2,162,1.0028159618377686
s03_last,2,163,0.9983360171318054
s03_last,2,164,1.0046080350875854
s03_last,2,165,0.9949439764022827
s03_last,2,166,0.9898560047149658
s03_last,2,167,0.9917759895324707
s03_last,2,168,0.9940159916877747
s03_last,2,169,0.9946240186691284
s03_last,2,170,0.9968960285186768
s03_last,2,171,0.9949120283126831
s03_last,2,172,0.9985920190811157
s03_last,2,173,0.9921600222587585
s03_last,2,174,0.996288001537323
s03_last,2,175,0.994271993637085
s03_last,2,176,0.9968960285186768
s03_last,2,177,0.9922879934310913
s03_last,2,178,0.9985920190811157
s03_last,2,179,0.998304009437561
s03_last,2,180,0.9986879825592041
s03_last,2,181,1.002784013748169
s03_last,2,182,0.9945600032806396
s03_last,2,183,0.9988160133361816
s03_last,2,184,0.9961599707603455
s03_last,2,185,0.9981759786605835
s03_last,2,186,0.9968000054359436
s03_last,2,187,0.9967679977416992
s03_last,2,188,0.9967679977416992
s03_last,2,189,0.9960640072822571
s03_last,2,190,0.9965119957923889
s03_last,2,191,0.9962559938430786
s03_last,2,192,1.0005120038986206
s03_last,2,193,0.994047999382019
s03_last,2,194,0.9984639883041382
s03_last,2,195,0.9958400130271912
s03_last,2,196,0.9961280226707458
s03_last,2,197,1.0001599788665771
s03_last,2,198,0.9967679977416992
s03_last,2,199,0.9960960149765015
s03_8k_fastpool,0,0,0.9065600037574768
s03_8k_fastpool,0,1,0.9082239866256714
s03_8k_fastpool,0,2,0.910431981086731
s03_8k_fastpool,0,3,0.9086719751358032
s03_8k_fastpool,0,4,0.9063040018081665
s03_8k_fastpool,0,5,0.9079999923706055
s03_8k_fastpool,0,6,0.908128023147583
s03_8k_fastpool,0,7,0.9039679765701294
s03_8k_fastpool,0,8,0.904416024684906
s03_8k_fastpool,0,9,0.9081599712371826
s03_8k_fastpool,0,10,0.9108800292015076
s03_8k_fastpool,0,11,0.9085440039634705
s03_8k_fastpool,0,12,0.9061440229415894
s03_8k_fastpool,0,13,0.9084799885749817
s03_8k_fastpool,0,14,0.9070079922676086
s03_8k_fastpool,0,15,0.9079359769821167
s03_8k_fastpool,0,16,0.9027519822120667
s03_8k_fastpool,0,17,0.9062399864196777
s03_8k_fastpool,0,18,0.9100160002708435
s03_8k_fastpool,0,19,0.9082559943199158
s03_8k_fastpool,0,20,0.9087039828300476
s03_8k_fastpool,0,21,0.9085119962692261
s03_8k_fastpool,0,22,0.9161919951438904
s03_8k_fastpool,0,23,0.9080960154533386
s03_8k_fastpool,0,24,0.9060479998588562
s03_8k_fastpool,0,25,0.9143679738044739
s03_8k_fastpool,0,26,0.9168000221252441
s03_8k_fastpool,0,27,0.9079359769821167
s03_8k_fastpool,0,28,0.9063680171966553
s03_8k_fastpool,0,29,0.9088960289955139
s03_8k_fastpool,0,30,0.9108480215072632
s03_8k_fastpool,0,31,0.9100160002708435
s03_8k_fastpool,0,32,0.9062399864196777
s03_8k_fastpool,0,33,0.9108480215072632
s03_8k_fastpool,0,34,0.9100160002708435
s03_8k_fastpool,0,35,0.9104959964752197
s03_8k_fastpool,0,36,0.9108480215072632
s03_8k_fastpool,0,37,0.9045439958572388
s03_8k_fastpool,0,38,0.9101439714431763
s03_8k_fastpool,0,39,0.9106559753417969
s03_8k_fastpool,0,40,0.9062399864196777
s03_8k_fastpool,0,41,0.9067519903182983
s03_8k_fastpool,0,42,0.910368025302887
s03_8k_fastpool,0,43,0.9110400080680847
s03_8k_fastpool,0,44,0.9060479998588562
s03_8k_fastpool,0,45,0.9138240218162537
s03_8k_fastpool,0,46,0.9128320217132568
s03_8k_fastpool,0,47,0.9086080193519592
s03_8k_fastpool,0,48,0.9102720022201538
s03_8k_fastpool,0,49,0.908191978931427
s03_8k_fastpool,0,50,0.9108480215072632
s03_8k_fastpool,0,51,0.9068160057067871
s03_8k_fastpool,0,52,0.9148160219192505
s03_8k_fastpool,0,53,0.9041919708251953
s03_8k_fastpool,0,54,0.9039040207862854
s03_8k_fastpool,0,55,0.9098560214042664
s03_8k_fastpool,0,56,0.9067519903182983
s03_8k_fastpool,0,57,0.9065279960632324
s03_8k_fastpool,0,58,0.9108480215072632
s03_8k_fastpool,0,59,0.9129599928855896
s03_8k_fastpool,0,60,0.9068480134010315
s03_8k_fastpool,0,61,0.9106240272521973
s03_8k_fastpool,0,62,0.906495988368988
s03_8k_fastpool,0,63,0.9100480079650879
s03_8k_fastpool,0,64,0.9105920195579529
s03_8k_fastpool,0,65,0.9079359769821167
s03_8k_fastpool,0,66,0.9104959964752197
s03_8k_fastpool,0,67,0.9045439958572388
s03_8k_fastpool,0,68,0.9125120043754578
s03_8k_fastpool,0,69,0.9042239785194397
s03_8k_fastpool,0,70,0.9149760007858276
s03_8k_fastpool,0,71,0.9042559862136841
s03_8k_fastpool,0,72,0.90665602684021
s03_8k_fastpool,0,73,0.9056640267372131
s03_8k_fastpool,0,74,0.9110080003738403
s03_8k_fastpool,0,75,0.9108160138130188
s03_8k_fastpool,0,76,0.9005439877510071
s03_8k_fastpool,0,77,0.9087679982185364
s03_8k_fastpool,0,78,0.9066240191459656
s03_8k_fastpool,0,79,0.9103999733924866
s03_8k_fastpool,0,80,0.9066879749298096
s03_8k_fastpool,0,81,0.9104959964752197
s03_8k_fastpool,0,82,0.9102720022201538
s03_8k_fastpool,0,83,0.906112015247345
s03_8k_fastpool,0,84,0.9085119962692261
s03_8k_fastpool,0,85,0.9084799885749817
s03_8k_fastpool,0,86,0.9129279851913452
s03_8k_fastpool,0,87,0.9040639996528625
s03_8k_fastpool,0,88,0.9086719751358032
s03_8k_fastpool,0,89,0.9082239866256714
s03_8k_fastpool,0,90,0.9047679901123047
s03_8k_fastpool,0,91,0.908191978931427
s03_8k_fastpool,0,92,0.9062079787254333
s03_8k_fastpool,0,93,0.9102399945259094
s03_8k_fastpool,0,94,0.9085440039634705
s03_8k_fastpool,0,95,0.9106879830360413
s03_8k_fastpool,0,96,0.9103040099143982
s03_8k_fastpool,0,97,0.906175971031189
s03_8k_fastpool,0,98,0.9086080193519592
s03_8k_fastpool,0,99,0.9096959829330444
s03_8k_fastpool,0,100,0.9079040288925171
s03_8k_fastpool,0,101,0.9087679982185364
s03_8k_fastpool,0,102,0.9109439849853516
s03_8k_fastpool,0,103,0.9120960235595703
s03_8k_fastpool,0,104,0.908128023147583
s03_8k_fastpool,0,105,0.9088000059127808
s03_8k_fastpool,0,106,0.9090560078620911
s03_8k_fastpool,0,107,0.9086719751358032
s03_8k_fastpool,0,108,0.9108800292015076
s03_8k_fastpool,0,109,0.9100480079650879
s03_8k_fastpool,0,110,0.9107199907302856
s03_8k_fastpool,0,111,0.9101759791374207
s03_8k_fastpool,0,112,0.9101439714431763
s03_8k_fastpool,0,113,0.91075199842453
s03_8k_fastpool,0,114,0.9064639806747437
s03_8k_fastpool,0,115,0.9147199988365173
s03_8k_fastpool,0,116,0.9040319919586182
s03_8k_fastpool,0,117,0.9101439714431763
s03_8k_fastpool,0,118,0.910431981086731
s03_8k_fastpool,0,119,0.9066240191459656
s03_8k_fastpool,0,120,0.9100800156593323
s03_8k_fastpool,0,121,0.908191978931427
s03_8k_fastpool,0,122,0.9080640077590942
s03_8k_fastpool,0,123,0.9070079922676086
s03_8k_fastpool,0,124,0.912447988986969
s03_8k_fastpool,0,125,0.9062399864196777
s03_8k_fastpool,0,126,0.9101120233535767
s03_8k_fastpool,0,127,0.9143040180206299
s03_8k_fastpool,0,128,0.9046080112457275
s03_8k_fastpool,0,129,0.9105920195579529
s03_8k_fastpool,0,130,0.9041919708251953
s03_8k_fastpool,0,131,0.9103999733924866
s03_8k_fastpool,0,132,0.9062399864196777
s03_8k_fastpool,0,133,0.9101759791374207
s03_8k_fastpool,0,134,0.9080320000648499
s03_8k_fastpool,0,135,0.906495988368988
s03_8k_fastpool,0,136,0.9085119962692261
s03_8k_fastpool,0,137,0.9043520092964172
s03_8k_fastpool,0,138,0.9128000140190125
s03_8k_fastpool,0,139,0.906495988368988
s03_8k_fastpool,0,140,0.9123839735984802
s03_8k_fastpool,0,141,0.9129279851913452
s03_8k_fastpool,0,142,0.9085760116577148
s03_8k_fastpool,0,143,0.9148160219192505
s03_8k_fastpool,0,144,0.908191978931427
s03_8k_fastpool,0,145,0.9101439714431763
s03_8k_fastpool,0,146,0.9086719751358032
s03_8k_fastpool,0,147,0.91184002161026
s03_8k_fastpool,0,148,0.9085760116577148
s03_8k_fastpool,0,149,0.9082880020141602
s03_8k_fastpool,0,150,0.9128000140190125
s03_8k_fastpool,0,151,0.9047679901123047
s03_8k_fastpool,0,152,0.9085119962692261
s03_8k_fastpool,0,153,0.9062079787254333
s03_8k_fastpool,0,154,0.9139519929885864
s03_8k_fastpool,0,155,0.9041919708251953
s03_8k_fastpool,0,156,0.9123839735984802
s03_8k_fastpool,0,157,0.9169920086860657
s03_8k_fastpool,0,158,0.9047679901123047
s03_8k_fastpool,0,159,0.9079999923706055
s03_8k_fastpool,0,160,0.910431981086731
s03_8k_fastpool,0,161,0.9089279770851135
s03_8k_fastpool,0,162,0.9127680063247681
s03_8k_fastpool,0,163,0.908735990524292
s03_8k_fastpool,0,164,0.9046720266342163
s03_8k_fastpool,0,165,0.9130560159683228
s03_8k_fastpool,0,166,0.9062079787254333
s03_8k_fastpool,0,167,0.9128959774971008
s03_8k_fastpool,0,168,0.9088000059127808
s03_8k_fastpool,0,169,0.9084479808807373
s03_8k_fastpool,0,170,0.9080320000648499
s03_8k_fastpool,0,171,0.908128023147583
s03_8k_fastpool,0,172,0.910975992679596
s03_8k_fastpool,0,173,0.90665602684021
s03_8k_fastpool,0,174,0.9100160002708435
s03_8k_fastpool,0,175,0.9085440039634705
s03_8k_fastpool,0,176,0.916159987449646
s03_8k_fastpool,0,177,0.908128023147583
s03_8k_fastpool,0,178,0.9103999733924866
s03_8k_fastpool,0,179,0.9142079949378967
s03_8k_fastpool,0,180,0.9104959964752197
s03_8k_fastpool,0,181,0.9168959856033325
s03_8k_fastpool,0,182,0.9122239947319031
s03_8k_fastpool,0,183,0.9079359769821167
s03_8k_fastpool,0,184,0.9086080193519592
s03_8k_fastpool,0,185,0.9068800210952759
s03_8k_fastpool,0,186,0.9047679901123047
s03_8k_fastpool,0,187,0.9130240082740784
s03_8k_fastpool,0,188,0.9047359824180603
s03_8k_fastpool,0,189,0.9042879939079285
s03_8k_fastpool,0,190,0.9038079977035522
s03_8k_fastpool,0,191,0.9062719941139221
s03_8k_fastpool,0,192,0.9103040099143982
s03_8k_fastpool,0,193,0.9042879939079285
s03_8k_fastpool,0,194,0.9083520174026489
s03_8k_fastpool,0,195,0.9062399864196777
s03_8k_fastpool,0,196,0.9079679846763611
s03_8k_fastpool,0,197,0.908191978931427
s03_8k_fastpool,0,198,0.9065279960632324
s03_8k_fastpool,0,199,0.9065600037574768
s03_8k_fastpool,1,0,0.9065279960632324
s03_8k_fastpool,1,1,0.9128959774971008
s03_8k_fastpool,1,2,0.9088000059127808
s03_8k_fastpool,1,3,0.9103360176086426
s03_8k_fastpool,1,4,0.9080960154533386
s03_8k_fastpool,1,5,0.906495988368988
s03_8k_fastpool,1,6,0.9086080193519592
s03_8k_fastpool,1,7,0.9063360095024109
s03_8k_fastpool,1,8,0.9088960289955139
s03_8k_fastpool,1,9,0.9084159731864929
s03_8k_fastpool,1,10,0.9121279716491699
s03_8k_fastpool,1,11,0.9068160057067871
s03_8k_fastpool,1,12,0.9088960289955139
s03_8k_fastpool,1,13,0.9060800075531006
s03_8k_fastpool,1,14,0.9082559943199158
s03_8k_fastpool,1,15,0.9085760116577148
s03_8k_fastpool,1,16,0.9088000059127808
s03_8k_fastpool,1,17,0.9065600037574768
s03_8k_fastpool,1,18,0.9106240272521973
s03_8k_fastpool,1,19,0.9088000059127808
s03_8k_fastpool,1,20,0.906112015247345
s03_8k_fastpool,1,21,0.9099839925765991
s03_8k_fastpool,1,22,0.9103040099143982
s03_8k_fastpool,1,23,0.9103040099143982
s03_8k_fastpool,1,24,0.910207986831665
s03_8k_fastpool,1,25,0.9100800156593323
s03_8k_fastpool,1,26,0.9109119772911072
s03_8k_fastpool,1,27,0.9079040288925171
s03_8k_fastpool,1,28,0.9080640077590942
s03_8k_fastpool,1,29,0.9062079787254333
s03_8k_fastpool,1,30,0.9101120233535767
s03_8k_fastpool,1,31,0.9088000059127808
s03_8k_fastpool,1,32,0.9125440120697021
s03_8k_fastpool,1,33,0.9080320000648499
s03_8k_fastpool,1,34,0.910207986831665
s03_8k_fastpool,1,35,0.9124159812927246
s03_8k_fastpool,1,36,0.9110720157623291
s03_8k_fastpool,1,37,0.9159359931945801
s03_8k_fastpool,1,38,0.9130560159683228
s03_8k_fastpool,1,39,0.9084799885749817
s03_8k_fastpool,1,40,0.9141759872436523
s03_8k_fastpool,1,41,0.9142079949378967
s03_8k_fastpool,1,42,0.910368025302887
s03_8k_fastpool,1,43,0.9082239866256714
s03_8k_fastpool,1,44,0.906175971031189
s03_8k_fastpool,1,45,0.9164800047874451
s03_8k_fastpool,1,46,0.910431981086731
s03_8k_fastpool,1,47,0.9105600118637085
s03_8k_fastpool,1,48,0.9047039747238159
s03_8k_fastpool,1,49,0.9100480079650879
s03_8k_fastpool,1,50,0.908128023147583
s03_8k_fastpool,1,51,0.9086080193519592
s03_8k_fastpool,1,52,0.9105600118637085
s03_8k_fastpool,1,53,0.9107199907302856
s03_8k_fastpool,1,54,0.9087039828300476
s03_8k_fastpool,1,55,0.9085760116577148
s03_8k_fastpool,1,56,0.9047359824180603
s03_8k_fastpool,1,57,0.9140160083770752
s03_8k_fastpool,1,58,0.9042559862136841
s03_8k_fastpool,1,59,0.9037759900093079
s03_8k_fastpool,1,60,0.908735990524292
s03_8k_fastpool,1,61,0.9106559753417969
s03_8k_fastpool,1,62,0.906719982624054
s03_8k_fastpool,1,63,0.9148160219192505
s03_8k_fastpool,1,64,0.9109119772911072
s03_8k_fastpool,1,65,0.9064000248908997
s03_8k_fastpool,1,66,0.9110080003738403
s03_8k_fastpool,1,67,0.9105600118637085
s03_8k_fastpool,1,68,0.91075199842453
s03_8k_fastpool,1,69,0.9106879830360413
s03_8k_fastpool,1,70,0.9064639806747437
s03_8k_fastpool,1,71,0.9143040180206299
s03_8k_fastpool,1,72,0.9029120206832886
s03_8k_fastpool,1,73,0.9127680063247681
s03_8k_fastpool,1,74,0.9088960289955139
s03_8k_fastpool,1,75,0.9146559834480286
s03_8k_fastpool,1,76,0.9106240272521973
s03_8k_fastpool,1,77,0.9043840169906616
s03_8k_fastpool,1,78,0.9083200097084045
s03_8k_fastpool,1,79,0.9086080193519592
s03_8k_fastpool,1,80,0.9120960235595703
s03_8k_fastpool,1,81,0.9082880020141602
s03_8k_fastpool,1,82,0.9123520255088806
s03_8k_fastpool,1,83,0.9108800292015076
s03_8k_fastpool,1,84,0.9065920114517212
s03_8k_fastpool,1,85,0.906175971031189
s03_8k_fastpool,1,86,0.908128023147583
s03_8k_fastpool,1,87,0.9141759872436523
s03_8k_fastpool,1,88,0.9045119881629944
s03_8k_fastpool,1,89,0.9104639887809753
s03_8k_fastpool,1,90,0.9064639806747437
s03_8k_fastpool,1,91,0.9049280285835266
s03_8k_fastpool,1,92,0.9082880020141602
s03_8k_fastpool,1,93,0.9126399755477905
s03_8k_fastpool,1,94,0.9143999814987183
s03_8k_fastpool,1,95,0.9043840169906616
s03_8k_fastpool,1,96,0.9169920086860657
s03_8k_fastpool,1,97,0.908128023147583
s03_8k_fastpool,1,98,0.9141759872436523
s03_8k_fastpool,1,99,0.9121599793434143
s03_8k_fastpool,1,100,0.9132480025291443
s03_8k_fastpool,1,101,0.9080960154533386
s03_8k_fastpool,1,102,0.9064639806747437
s03_8k_fastpool,1,103,0.910975992679596
s03_8k_fastpool,1,104,0.9084479808807373
s03_8k_fastpool,1,105,0.9127359986305237
s03_8k_fastpool,1,106,0.9108480215072632
s03_8k_fastpool,1,107,0.9043200016021729
s03_8k_fastpool,1,108,0.9086719751358032
s03_8k_fastpool,1,109,0.9099839925765991
s03_8k_fastpool,1,110,0.9065279960632324
s03_8k_fastpool,1,111,0.9127359986305237
s03_8k_fastpool,1,112,0.9079359769821167
s03_8k_fastpool,1,113,0.9062079787254333
s03_8k_fastpool,1,114,0.910368025302887
s03_8k_fastpool,1,115,0.9044479727745056
s03_8k_fastpool,1,116,0.910207986831665
s03_8k_fastpool,1,117,0.9063040018081665
s03_8k_fastpool,1,118,0.9063040018081665
s03_8k_fastpool,1,119,0.906495988368988
s03_8k_fastpool,1,120,0.9105280041694641
s03_8k_fastpool,1,121,0.9059839844703674
s03_8k_fastpool,1,122,0.9090560078620911
s03_8k_fastpool,1,123,0.9069439768791199
s03_8k_fastpool,1,124,0.9063680171966553
s03_8k_fastpool,1,125,0.9063680171966553
s03_8k_fastpool,1,126,0.9105600118637085
s03_8k_fastpool,1,127,0.9023039937019348
s03_8k_fastpool,1,128,0.9128959774971008
s03_8k_fastpool,1,129,0.9046080112457275
s03_8k_fastpool,1,130,0.9124159812927246
s03_8k_fastpool,1,131,0.908191978931427
s03_8k_fastpool,1,132,0.9069120287895203
s03_8k_fastpool,1,133,0.9083200097084045
s03_8k_fastpool,1,134,0.9084159731864929
s03_8k_fastpool,1,135,0.9100480079650879
s03_8k_fastpool,1,136,0.9080320000648499
s03_8k_fastpool,1,137,0.910368025302887
s03_8k_fastpool,1,138,0.9125440120697021
s03_8k_fastpool,1,139,0.9083840250968933
s03_8k_fastpool,1,140,0.908735990524292
s03_8k_fastpool,1,141,0.9059200286865234
s03_8k_fastpool,1,142,0.9079999923706055
s03_8k_fastpool,1,143,0.9083840250968933
s03_8k_fastpool,1,144,0.9101120233535767
s03_8k_fastpool,1,145,0.9059200286865234
s03_8k_fastpool,1,146,0.9103360176086426
s03_8k_fastpool,1,147,0.9100160002708435
s03_8k_fastpool,1,148,0.909824013710022
s03_8k_fastpool,1,149,0.9103360176086426
s03_8k_fastpool,1,150,0.9082880020141602
s03_8k_fastpool,1,151,0.9123200178146362
s03_8k_fastpool,1,152,0.9106240272521973
s03_8k_fastpool,1,153,0.9122560024261475
s03_8k_fastpool,1,154,0.9107840061187744
s03_8k_fastpool,1,155,0.9062719941139221
s03_8k_fastpool,1,156,0.9123839735984802
s03_8k_fastpool,1,157,0.9079999923706055
s03_8k_fastpool,1,158,0.905951976776123
s03_8k_fastpool,1,159,0.9108800292015076
s03_8k_fastpool,1,160,0.9086719751358032
s03_8k_fastpool,1,161,0.9045760035514832
s03_8k_fastpool,1,162,0.914143979549408
s03_8k_fastpool,1,163,0.9128640294075012
s03_8k_fastpool,1,164,0.9086719751358032
s03_8k_fastpool,1,165,0.9102720022201538
s03_8k_fastpool,1,166,0.9060159921646118
s03_8k_fastpool,1,167,0.9080640077590942
s03_8k_fastpool,1,168,0.9040960073471069
s03_8k_fastpool,1,169,0.9086719751358032
s03_8k_fastpool,1,170,0.9042559862136841
s03_8k_fastpool,1,171,0.9064319729804993
s03_8k_fastpool,1,172,0.9063360095024109
s03_8k_fastpool,1,173,0.9042239785194397
s03_8k_fastpool,1,174,0.9105920195579529
s03_8k_fastpool,1,175,0.9083200097084045
s03_8k_fastpool,1,176,0.9127359986305237
s03_8k_fastpool,1,177,0.9059200286865234
s03_8k_fastpool,1,178,0.9244480133056641
s03_8k_fastpool,1,179,0.9065279960632324
s03_8k_fastpool,1,180,0.9104959964752197
s03_8k_fastpool,1,181,0.90665602684021
s03_8k_fastpool,1,182,0.912447988986969
s03_8k_fastpool,1,183,0.9059839844703674
s03_8k_fastpool,1,184,0.9080320000648499
s03_8k_fastpool,1,185,0.9099519848823547
s03_8k_fastpool,1,186,0.9147199988365173
s03_8k_fastpool,1,187,0.910431981086731
s03_8k_fastpool,1,188,0.9086400270462036
s03_8k_fastpool,1,189,0.9122560024261475
s03_8k_fastpool,1,190,0.9148799777030945
s03_8k_fastpool,1,191,0.9084479808807373
s03_8k_fastpool,1,192,0.9103040099143982
s03_8k_fastpool,1,193,0.9097599983215332
s03_8k_fastpool,1,194,0.910207986831665
s03_8k_fastpool,1,195,0.9127680063247681
s03_8k_fastpool,1,196,0.9088000059127808
s03_8k_fastpool,1,197,0.914687991142273
s03_8k_fastpool,1,198,0.9138879776000977
s03_8k_fastpool,1,199,0.9101439714431763
s03_8k_fastpool,2,0,0.9108160138130188
s03_8k_fastpool,2,1,0.9082880020141602
s03_8k_fastpool,2,2,0.9086080193519592
s03_8k_fastpool,2,3,0.9128320217132568
s03_8k_fastpool,2,4,0.9048640131950378
s03_8k_fastpool,2,5,0.9102399945259094
s03_8k_fastpool,2,6,0.9108480215072632
s03_8k_fastpool,2,7,0.9107199907302856
s03_8k_fastpool,2,8,0.9085440039634705
s03_8k_fastpool,2,9,0.9082559943199158
s03_8k_fastpool,2,10,0.9083840250968933
s03_8k_fastpool,2,11,0.9082239866256714
s03_8k_fastpool,2,12,0.9108480215072632
s03_8k_fastpool,2,13,0.9108160138130188
s03_8k_fastpool,2,14,0.9064000248908997
s03_8k_fastpool,2,15,0.9065279960632324
s03_8k_fastpool,2,16,0.9062079787254333
s03_8k_fastpool,2,17,0.9121599793434143
s03_8k_fastpool,2,18,0.910431981086731
s03_8k_fastpool,2,19,0.9084479808807373
s03_8k_fastpool,2,20,0.9066879749298096
s03_8k_fastpool,2,21,0.911903977394104
s03_8k_fastpool,2,22,0.9063040018081665
s03_8k_fastpool,2,23,0.9161919951438904
s03_8k_fastpool,2,24,0.9088000059127808
s03_8k_fastpool,2,25,0.9105280041694641
s03_8k_fastpool,2,26,0.9124799966812134
s03_8k_fastpool,2,27,0.9124159812927246
s03_8k_fastpool,2,28,0.9078080058097839
s03_8k_fastpool,2,29,0.9069759845733643
s03_8k_fastpool,2,30,0.9085440039634705
s03_8k_fastpool,2,31,0.9043520092964172
s03_8k_fastpool,2,32,0.910431981086731
s03_8k_fastpool,2,33,0.9064639806747437
s03_8k_fastpool,2,34,0.9143040180206299
s03_8k_fastpool,2,35,0.9083520174026489
s03_8k_fastpool,2,36,0.90665602684021
s03_8k_fastpool,2,37,0.9066240191459656
s03_8k_fastpool,2,38,0.9045760035514832
s03_8k_fastpool,2,39,0.9046080112457275
s03_8k_fastpool,2,40,0.9019200205802917
s03_8k_fastpool,2,41,0.9080320000648499
s03_8k_fastpool,2,42,0.9066879749298096
s03_8k_fastpool,2,43,0.9065920114517212
s03_8k_fastpool,2,44,0.9068480134010315
s03_8k_fastpool,2,45,0.909824013710022
s03_8k_fastpool,2,46,0.9128000140190125
s03_8k_fastpool,2,47,0.9064000248908997
s03_8k_fastpool,2,48,0.9188799858093262
s03_8k_fastpool,2,49,0.9128640294075012
s03_8k_fastpool,2,50,0.9080960154533386
s03_8k_fastpool,2,51,0.9082559943199158
s03_8k_fastpool,2,52,0.9079679846763611
s03_8k_fastpool,2,53,0.908128023147583
s03_8k_fastpool,2,54,0.9122880101203918
s03_8k_fastpool,2,55,0.9086400270462036
s03_8k_fastpool,2,56,0.9102399945259094
s03_8k_fastpool,2,57,0.9111679792404175
s03_8k_fastpool,2,58,0.9082559943199158
s03_8k_fastpool,2,59,0.9098560214042664
s03_8k_fastpool,2,60,0.9108800292015076
s03_8k_fastpool,2,61,0.910368025302887
s03_8k_fastpool,2,62,0.9040319919586182
s03_8k_fastpool,2,63,0.9065600037574768
s03_8k_fastpool,2,64,0.9086400270462036
s03_8k_fastpool,2,65,0.9066879749298096
s03_8k_fastpool,2,66,0.912992000579834
s03_8k_fastpool,2,67,0.9064319729804993
s03_8k_fastpool,2,68,0.9143679738044739
s03_8k_fastpool,2,69,0.9105600118637085
s03_8k_fastpool,2,70,0.9103040099143982
s03_8k_fastpool,2,71,0.9102399945259094
s03_8k_fastpool,2,72,0.9068800210952759
s03_8k_fastpool,2,73,0.910431981086731
s03_8k_fastpool,2,74,0.9086400270462036
s03_8k_fastpool,2,75,0.9102399945259094
s03_8k_fastpool,2,76,0.9068160057067871
s03_8k_fastpool,2,77,0.9105920195579529
s03_8k_fastpool,2,78,0.9161919951438904
s03_8k_fastpool,2,79,0.9104959964752197
s03_8k_fastpool,2,80,0.9122239947319031
s03_8k_fastpool,2,81,0.9060800075531006
s03_8k_fastpool,2,82,0.910431981086731
s03_8k_fastpool,2,83,0.9027199745178223
s03_8k_fastpool,2,84,0.9145600199699402
s03_8k_fastpool,2,85,0.906495988368988
s03_8k_fastpool,2,86,0.9060479998588562
s03_8k_fastpool,2,87,0.91075199842453
s03_8k_fastpool,2,88,0.9103040099143982
s03_8k_fastpool,2,89,0.9144960045814514
s03_8k_fastpool,2,90,0.908128023147583
s03_8k_fastpool,2,91,0.910431981086731
s03_8k_fastpool,2,92,0.9005119800567627
s03_8k_fastpool,2,93,0.9168000221252441
s03_8k_fastpool,2,94,0.9088320136070251
s03_8k_fastpool,2,95,0.9125760197639465
s03_8k_fastpool,2,96,0.9146239757537842
s03_8k_fastpool,2,97,0.9062079787254333
s03_8k_fastpool,2,98,0.9169600009918213
s03_8k_fastpool,2,99,0.908128023147583
s03_8k_fastpool,2,100,0.9088000059127808
s03_8k_fastpool,2,101,0.9064639806747437
s03_8k_fastpool,2,102,0.9088000059127808
s03_8k_fastpool,2,103,0.9059200286865234
s03_8k_fastpool,2,104,0.9067839980125427
s03_8k_fastpool,2,105,0.9063040018081665
s03_8k_fastpool,2,106,0.910431981086731
s03_8k_fastpool,2,107,0.9084479808807373
s03_8k_fastpool,2,108,0.9041280150413513
s03_8k_fastpool,2,109,0.9100480079650879
s03_8k_fastpool,2,110,0.9125440120697021
s03_8k_fastpool,2,111,0.9122560024261475
s03_8k_fastpool,2,112,0.9164479970932007
s03_8k_fastpool,2,113,0.910207986831665
s03_8k_fastpool,2,114,0.9185280203819275
s03_8k_fastpool,2,115,0.9107840061187744
s03_8k_fastpool,2,116,0.9083520174026489
s03_8k_fastpool,2,117,0.9127039909362793
s03_8k_fastpool,2,118,0.9063680171966553
s03_8k_fastpool,2,119,0.9105920195579529
s03_8k_fastpool,2,120,0.9104959964752197
s03_8k_fastpool,2,121,0.9068800210952759
s03_8k_fastpool,2,122,0.9069120287895203
s03_8k_fastpool,2,123,0.9068480134010315
s03_8k_fastpool,2,124,0.9086400270462036
s03_8k_fastpool,2,125,0.9069439768791199
s03_8k_fastpool,2,126,0.908735990524292
s03_8k_fastpool,2,127,0.9088320136070251
s03_8k_fastpool,2,128,0.9146559834480286
s03_8k_fastpool,2,129,0.908735990524292
s03_8k_fastpool,2,130,0.9047999978065491
s03_8k_fastpool,2,131,0.9099519848823547
s03_8k_fastpool,2,132,0.9105600118637085
s03_8k_fastpool,2,133,0.9138240218162537
s03_8k_fastpool,2,134,0.905951976776123
s03_8k_fastpool,2,135,0.922432005405426
s03_8k_fastpool,2,136,0.9080960154533386
s03_8k_fastpool,2,137,0.9124159812927246
s03_8k_fastpool,2,138,0.9064000248908997
s03_8k_fastpool,2,139,0.9127680063247681
s03_8k_fastpool,2,140,0.9065600037574768
s03_8k_fastpool,2,141,0.906495988368988
s03_8k_fastpool,2,142,0.9130240082740784
s03_8k_fastpool,2,143,0.9060479998588562
s03_8k_fastpool,2,144,0.9118080139160156
s03_8k_fastpool,2,145,0.9064319729804993
s03_8k_fastpool,2,146,0.9125440120697021
s03_8k_fastpool,2,147,0.9043840169906616
s03_8k_fastpool,2,148,0.910431981086731
s03_8k_fastpool,2,149,0.9083840250968933
s03_8k_fastpool,2,150,0.9065920114517212
s03_8k_fastpool,2,151,0.9063680171966553
s03_8k_fastpool,2,152,0.9105280041694641
s03_8k_fastpool,2,153,0.910207986831665
s03_8k_fastpool,2,154,0.9059200286865234
s03_8k_fastpool,2,155,0.9080960154533386
s03_8k_fastpool,2,156,0.9046400189399719
s03_8k_fastpool,2,157,0.9080640077590942
s03_8k_fastpool,2,158,0.9078720211982727
s03_8k_fastpool,2,159,0.9045119881629944
s03_8k_fastpool,2,160,0.908128023147583
s03_8k_fastpool,2,161,0.9039999842643738
s03_8k_fastpool,2,162,0.9164800047874451
s03_8k_fastpool,2,163,0.9040639996528625
s03_8k_fastpool,2,164,0.9085760116577148
s03_8k_fastpool,2,165,0.9062399864196777
s03_8k_fastpool,2,166,0.9162560105323792
s03_8k_fastpool,2,167,0.9083520174026489
s03_8k_fastpool,2,168,0.9069120287895203
s03_8k_fastpool,2,169,0.9063360095024109
s03_8k_fastpool,2,170,0.9069120287895203
s03_8k_fastpool,2,171,0.9080960154533386
s03_8k_fastpool,2,172,0.904416024684906
s03_8k_fastpool,2,173,0.9088320136070251
s03_8k_fastpool,2,174,0.910431981086731
s03_8k_fastpool,2,175,0.9087039828300476
s03_8k_fastpool,2,176,0.9098880290985107
s03_8k_fastpool,2,177,0.9064319729804993
s03_8k_fastpool,2,178,0.9108800292015076
s03_8k_fastpool,2,179,0.9063680171966553
s03_8k_fastpool,2,180,0.9078400135040283
s03_8k_fastpool,2,181,0.9063040018081665
s03_8k_fastpool,2,182,0.9086080193519592
s03_8k_fastpool,2,183,0.9082880020141602
s03_8k_fastpool,2,184,0.9088000059127808
s03_8k_fastpool,2,185,0.905888020992279
s03_8k_fastpool,2,186,0.9124159812927246
s03_8k_fastpool,2,187,0.9145920276641846
s03_8k_fastpool,2,188,0.9107199907302856
s03_8k_fastpool,2,189,0.9086400270462036
s03_8k_fastpool,2,190,0.9142720103263855
s03_8k_fastpool,2,191,0.9088640213012695
s03_8k_fastpool,2,192,0.9061440229415894
s03_8k_fastpool,2,193,0.9089279770851135
s03_8k_fastpool,2,194,0.9081599712371826
s03_8k_fastpool,2,195,0.9100800156593323
s03_8k_fastpool,2,196,0.9108800292015076
s03_8k_fastpool,2,197,0.90665602684021
s03_8k_fastpool,2,198,0.9104639887809753
s03_8k_fastpool,2,199,0.9102399945259094
s03_best_fastpool,0,0,0.9185280203819275
s03_best_fastpool,0,1,0.9120640158653259
s03_best_fastpool,0,2,0.9128000140190125
s03_best_fastpool,0,3,0.9122560024261475
s03_best_fastpool,0,4,0.9166079759597778
s03_best_fastpool,0,5,0.9121279716491699
s03_best_fastpool,0,6,0.9080960154533386
s03_best_fastpool,0,7,0.9141119718551636
s03_best_fastpool,0,8,0.914463996887207
s03_best_fastpool,0,9,0.918720006942749
s03_best_fastpool,0,10,0.9063680171966553
s03_best_fastpool,0,11,0.9204480051994324
s03_best_fastpool,0,12,0.9122880101203918
s03_best_fastpool,0,13,0.9130240082740784
s03_best_fastpool,0,14,0.9124159812927246
s03_best_fastpool,0,15,0.9124159812927246
s03_best_fastpool,0,16,0.9150400161743164
s03_best_fastpool,0,17,0.9088320136070251
s03_best_fastpool,0,18,0.9166079759597778
s03_best_fastpool,0,19,0.9100480079650879
s03_best_fastpool,0,20,0.9168959856033325
s03_best_fastpool,0,21,0.9142720103263855
s03_best_fastpool,0,22,0.9122239947319031
s03_best_fastpool,0,23,0.9190400242805481
s03_best_fastpool,0,24,0.9101439714431763
s03_best_fastpool,0,25,0.9184640049934387
s03_best_fastpool,0,26,0.9123520255088806
s03_best_fastpool,0,27,0.9183359742164612
s03_best_fastpool,0,28,0.9084799885749817
s03_best_fastpool,0,29,0.9124799966812134
s03_best_fastpool,0,30,0.9127359986305237
s03_best_fastpool,0,31,0.9047999978065491
s03_best_fastpool,0,32,0.9120640158653259
s03_best_fastpool,0,33,0.9105280041694641
s03_best_fastpool,0,34,0.9186239838600159
s03_best_fastpool,0,35,0.9086719751358032
s03_best_fastpool,0,36,0.9127359986305237
s03_best_fastpool,0,37,0.9169279932975769
s03_best_fastpool,0,38,0.9144319891929626
s03_best_fastpool,0,39,0.9145600199699402
s03_best_fastpool,0,40,0.9160959720611572
s03_best_fastpool,0,41,0.914143979549408
s03_best_fastpool,0,42,0.9143679738044739
s03_best_fastpool,0,43,0.9122560024261475
s03_best_fastpool,0,44,0.9124159812927246
s03_best_fastpool,0,45,0.9190719723701477
s03_best_fastpool,0,46,0.9079999923706055
s03_best_fastpool,0,47,0.9142720103263855
s03_best_fastpool,0,48,0.9127039909362793
s03_best_fastpool,0,49,0.9150400161743164
s03_best_fastpool,0,50,0.9125760197639465
s03_best_fastpool,0,51,0.9163200259208679
s03_best_fastpool,0,52,0.9121279716491699
s03_best_fastpool,0,53,0.91075199842453
s03_best_fastpool,0,54,0.9143999814987183
s03_best_fastpool,0,55,0.9122560024261475
s03_best_fastpool,0,56,0.9126080274581909
s03_best_fastpool,0,57,0.9106879830360413
s03_best_fastpool,0,58,0.9164159893989563
s03_best_fastpool,0,59,0.917087972164154
s03_best_fastpool,0,60,0.9088000059127808
s03_best_fastpool,0,61,0.9104639887809753
s03_best_fastpool,0,62,0.917087972164154
s03_best_fastpool,0,63,0.9186559915542603
s03_best_fastpool,0,64,0.9106240272521973
s03_best_fastpool,0,65,0.9143679738044739
s03_best_fastpool,0,66,0.9106879830360413
s03_best_fastpool,0,67,0.9100160002708435
s03_best_fastpool,0,68,0.9125760197639465
s03_best_fastpool,0,69,0.9126399755477905
s03_best_fastpool,0,70,0.9142400026321411
s03_best_fastpool,0,71,0.9121279716491699
s03_best_fastpool,0,72,0.9123200178146362
s03_best_fastpool,0,73,0.9123839735984802
s03_best_fastpool,0,74,0.9125760197639465
s03_best_fastpool,0,75,0.9142079949378967
s03_best_fastpool,0,76,0.9167680144309998
s03_best_fastpool,0,77,0.910368025302887
s03_best_fastpool,0,78,0.9122239947319031
s03_best_fastpool,0,79,0.9123520255088806
s03_best_fastpool,0,80,0.9126719832420349
s03_best_fastpool,0,81,0.9141759872436523
s03_best_fastpool,0,82,0.9165440201759338
s03_best_fastpool,0,83,0.9083520174026489
s03_best_fastpool,0,84,0.9313279986381531
s03_best_fastpool,0,85,0.914080023765564
s03_best_fastpool,0,86,0.9121599793434143
s03_best_fastpool,0,87,0.9185919761657715
s03_best_fastpool,0,88,0.9101439714431763
s03_best_fastpool,0,89,0.9127680063247681
s03_best_fastpool,0,90,0.9105920195579529
s03_best_fastpool,0,91,0.9167680144309998
s03_best_fastpool,0,92,0.910975992679596
s03_best_fastpool,0,93,0.9125760197639465
s03_best_fastpool,0,94,0.9143360257148743
s03_best_fastpool,0,95,0.9124159812927246
s03_best_fastpool,0,96,0.9127359986305237
s03_best_fastpool,0,97,0.9106240272521973
s03_best_fastpool,0,98,0.9188479781150818
s03_best_fastpool,0,99,0.910368025302887
s03_best_fastpool,0,100,0.9182080030441284
s03_best_fastpool,0,101,0.9106559753417969
s03_best_fastpool,0,102,0.9143999814987183
s03_best_fastpool,0,103,0.9140160083770752
s03_best_fastpool,0,104,0.9148480296134949
s03_best_fastpool,0,105,0.916703999042511
s03_best_fastpool,0,106,0.9121279716491699
s03_best_fastpool,0,107,0.918175995349884
s03_best_fastpool,0,108,0.9168000221252441
s03_best_fastpool,0,109,0.9166079759597778
s03_best_fastpool,0,110,0.9146559834480286
s03_best_fastpool,0,111,0.9120960235595703
s03_best_fastpool,0,112,0.9120640158653259
s03_best_fastpool,0,113,0.9147840142250061
s03_best_fastpool,0,114,0.9141119718551636
s03_best_fastpool,0,115,0.9126080274581909
s03_best_fastpool,0,116,0.9102720022201538
s03_best_fastpool,0,117,0.9190719723701477
s03_best_fastpool,0,118,0.9144319891929626
s03_best_fastpool,0,119,0.9148480296134949
s03_best_fastpool,0,120,0.9142720103263855
s03_best_fastpool,0,121,0.9224960207939148
s03_best_fastpool,0,122,0.9148160219192505
s03_best_fastpool,0,123,0.9086400270462036
s03_best_fastpool,0,124,0.9145920276641846
s03_best_fastpool,0,125,0.9130240082740784
s03_best_fastpool,0,126,0.9105920195579529
s03_best_fastpool,0,127,0.9147520065307617
s03_best_fastpool,0,128,0.9149439930915833
s03_best_fastpool,0,129,0.9149439930915833
s03_best_fastpool,0,130,0.910975992679596
s03_best_fastpool,0,131,0.9104959964752197
s03_best_fastpool,0,132,0.9189760088920593
s03_best_fastpool,0,133,0.909824013710022
s03_best_fastpool,0,134,0.9174079895019531
s03_best_fastpool,0,135,0.9142079949378967
s03_best_fastpool,0,136,0.9108480215072632
s03_best_fastpool,0,137,0.9141119718551636
s03_best_fastpool,0,138,0.9166399836540222
s03_best_fastpool,0,139,0.9105280041694641
s03_best_fastpool,0,140,0.9188159704208374
s03_best_fastpool,0,141,0.9128320217132568
s03_best_fastpool,0,142,0.9191679954528809
s03_best_fastpool,0,143,0.9162240028381348
s03_best_fastpool,0,144,0.9125760197639465
s03_best_fastpool,0,145,0.9142720103263855
s03_best_fastpool,0,146,0.9125760197639465
s03_best_fastpool,0,147,0.914143979549408
s03_best_fastpool,0,148,0.9110400080680847
s03_best_fastpool,0,149,0.9128320217132568
s03_best_fastpool,0,150,0.9163839817047119
s03_best_fastpool,0,151,0.9106879830360413
s03_best_fastpool,0,152,0.9150720238685608
s03_best_fastpool,0,153,0.910368025302887
s03_best_fastpool,0,154,0.91839998960495
s03_best_fastpool,0,155,0.908735990524292
s03_best_fastpool,0,156,0.9144960045814514
s03_best_fastpool,0,157,0.9129599928855896
s03_best_fastpool,0,158,0.9129599928855896
s03_best_fastpool,0,159,0.914463996887207
s03_best_fastpool,0,160,0.9127680063247681
s03_best_fastpool,0,161,0.9168959856033325
s03_best_fastpool,0,162,0.910975992679596
s03_best_fastpool,0,163,0.916703999042511
s03_best_fastpool,0,164,0.9144319891929626
s03_best_fastpool,0,165,0.9123520255088806
s03_best_fastpool,0,166,0.9195200204849243
s03_best_fastpool,0,167,0.9108480215072632
s03_best_fastpool,0,168,0.9166079759597778
s03_best_fastpool,0,169,0.9103360176086426
s03_best_fastpool,0,170,0.9142720103263855
s03_best_fastpool,0,171,0.9124159812927246
s03_best_fastpool,0,172,0.9145920276641846
s03_best_fastpool,0,173,0.9148160219192505
s03_best_fastpool,0,174,0.9148160219192505
s03_best_fastpool,0,175,0.9128640294075012
s03_best_fastpool,0,176,0.9124159812927246
s03_best_fastpool,0,177,0.9182080030441284
s03_best_fastpool,0,178,0.9125120043754578
s03_best_fastpool,0,179,0.9148160219192505
s03_best_fastpool,0,180,0.9123520255088806
s03_best_fastpool,0,181,0.9125120043754578
s03_best_fastpool,0,182,0.9143040180206299
s03_best_fastpool,0,183,0.9151679873466492
s03_best_fastpool,0,184,0.9144319891929626
s03_best_fastpool,0,185,0.914080023765564
s03_best_fastpool,0,186,0.9126399755477905
s03_best_fastpool,0,187,0.9120640158653259
s03_best_fastpool,0,188,0.9187840223312378
s03_best_fastpool,0,189,0.915008008480072
s03_best_fastpool,0,190,0.914463996887207
s03_best_fastpool,0,191,0.9162880182266235
s03_best_fastpool,0,192,0.9149760007858276
s03_best_fastpool,0,193,0.9129599928855896
s03_best_fastpool,0,194,0.910207986831665
s03_best_fastpool,0,195,0.9147199988365173
s03_best_fastpool,0,196,0.914143979549408
s03_best_fastpool,0,197,0.9147199988365173
s03_best_fastpool,0,198,0.9143040180206299
s03_best_fastpool,0,199,0.9208959937095642
s03_best_fastpool,1,0,0.9145920276641846
s03_best_fastpool,1,1,0.9230719804763794
s03_best_fastpool,1,2,0.9191679954528809
s03_best_fastpool,1,3,0.9085760116577148
s03_best_fastpool,1,4,0.9128320217132568
s03_best_fastpool,1,5,0.9130560159683228
s03_best_fastpool,1,6,0.917087972164154
s03_best_fastpool,1,7,0.9145920276641846
s03_best_fastpool,1,8,0.9145280122756958
s03_best_fastpool,1,9,0.9145280122756958
s03_best_fastpool,1,10,0.9167680144309998
s03_best_fastpool,1,11,0.9145600199699402
s03_best_fastpool,1,12,0.9122239947319031
s03_best_fastpool,1,13,0.9147520065307617
s03_best_fastpool,1,14,0.9147520065307617
s03_best_fastpool,1,15,0.9141119718551636
s03_best_fastpool,1,16,0.9165760278701782
s03_best_fastpool,1,17,0.9124799966812134
s03_best_fastpool,1,18,0.9142079949378967
s03_best_fastpool,1,19,0.9145280122756958
s03_best_fastpool,1,20,0.9150400161743164
s03_best_fastpool,1,21,0.9204480051994324
s03_best_fastpool,1,22,0.9106879830360413
s03_best_fastpool,1,23,0.9169600009918213
s03_best_fastpool,1,24,0.9104639887809753
s03_best_fastpool,1,25,0.9211840033531189
s03_best_fastpool,1,26,0.9103360176086426
s03_best_fastpool,1,27,0.914687991142273
s03_best_fastpool,1,28,0.9169279932975769
s03_best_fastpool,1,29,0.9147840142250061
s03_best_fastpool,1,30,0.9162560105323792
s03_best_fastpool,1,31,0.9128000140190125
s03_best_fastpool,1,32,0.9164159893989563
s03_best_fastpool,1,33,0.9141119718551636
s03_best_fastpool,1,34,0.9147199988365173
s03_best_fastpool,1,35,0.9149760007858276
s03_best_fastpool,1,36,0.916703999042511
s03_best_fastpool,1,37,0.9150400161743164
s03_best_fastpool,1,38,0.9123520255088806
s03_best_fastpool,1,39,0.914143979549408
s03_best_fastpool,1,40,0.9143679738044739
s03_best_fastpool,1,41,0.9147520065307617
s03_best_fastpool,1,42,0.9081599712371826
s03_best_fastpool,1,43,0.9122880101203918
s03_best_fastpool,1,44,0.9123839735984802
s03_best_fastpool,1,45,0.9142720103263855
s03_best_fastpool,1,46,0.9148160219192505
s03_best_fastpool,1,47,0.9109439849853516
s03_best_fastpool,1,48,0.9183359742164612
s03_best_fastpool,1,49,0.914463996887207
s03_best_fastpool,1,50,0.9127680063247681
s03_best_fastpool,1,51,0.9161279797554016
s03_best_fastpool,1,52,0.9205120205879211
s03_best_fastpool,1,53,0.9143679738044739
s03_best_fastpool,1,54,0.9143040180206299
s03_best_fastpool,1,55,0.9240000247955322
s03_best_fastpool,1,56,0.9206719994544983
s03_best_fastpool,1,57,0.9127680063247681
s03_best_fastpool,1,58,0.9101120233535767
s03_best_fastpool,1,59,0.9122560024261475
s03_best_fastpool,1,60,0.9125120043754578
s03_best_fastpool,1,61,0.9123200178146362
s03_best_fastpool,1,62,0.9101120233535767
s03_best_fastpool,1,63,0.9099519848823547
s03_best_fastpool,1,64,0.9143360257148743
s03_best_fastpool,1,65,0.9127680063247681
s03_best_fastpool,1,66,0.9212480187416077
s03_best_fastpool,1,67,0.9122880101203918
s03_best_fastpool,1,68,0.915008008480072
s03_best_fastpool,1,69,0.9143040180206299
s03_best_fastpool,1,70,0.9166079759597778
s03_best_fastpool,1,71,0.9206719994544983
s03_best_fastpool,1,72,0.9110720157623291
s03_best_fastpool,1,73,0.9130240082740784
s03_best_fastpool,1,74,0.9128000140190125
s03_best_fastpool,1,75,0.9120320081710815
s03_best_fastpool,1,76,0.9224640130996704
s03_best_fastpool,1,77,0.9163839817047119
s03_best_fastpool,1,78,0.9103999733924866
s03_best_fastpool,1,79,0.9125440120697021
s03_best_fastpool,1,80,0.9147199988365173
s03_best_fastpool,1,81,0.9128000140190125
s03_best_fastpool,1,82,0.9125440120697021
s03_best_fastpool,1,83,0.9141759872436523
s03_best_fastpool,1,84,0.9187840223312378
s03_best_fastpool,1,85,0.9147840142250061
s03_best_fastpool,1,86,0.9143040180206299
s03_best_fastpool,1,87,0.9130880236625671
s03_best_fastpool,1,88,0.9166399836540222
s03_best_fastpool,1,89,0.9148799777030945
s03_best_fastpool,1,90,0.9144319891929626
s03_best_fastpool,1,91,0.9150400161743164
s03_best_fastpool,1,92,0.9191039800643921
s03_best_fastpool,1,93,0.9164800047874451
s03_best_fastpool,1,94,0.9167680144309998
s03_best_fastpool,1,95,0.9125120043754578
s03_best_fastpool,1,96,0.9225919842720032
s03_best_fastpool,1,97,0.9128959774971008
s03_best_fastpool,1,98,0.9165120124816895
s03_best_fastpool,1,99,0.9162560105323792
s03_best_fastpool,1,100,0.914463996887207
s03_best_fastpool,1,101,0.9143040180206299
s03_best_fastpool,1,102,0.9099839925765991
s03_best_fastpool,1,103,0.9144319891929626
s03_best_fastpool,1,104,0.9128000140190125
s03_best_fastpool,1,105,0.9167680144309998
s03_best_fastpool,1,106,0.9147199988365173
s03_best_fastpool,1,107,0.9121919870376587
s03_best_fastpool,1,108,0.9147840142250061
s03_best_fastpool,1,109,0.9121919870376587
s03_best_fastpool,1,110,0.9149119853973389
s03_best_fastpool,1,111,0.9125760197639465
s03_best_fastpool,1,112,0.9147520065307617
s03_best_fastpool,1,113,0.9125120043754578
s03_best_fastpool,1,114,0.9143040180206299
s03_best_fastpool,1,115,0.9147840142250061
s03_best_fastpool,1,116,0.914687991142273
s03_best_fastpool,1,117,0.9184640049934387
s03_best_fastpool,1,118,0.9143679738044739
s03_best_fastpool,1,119,0.9144319891929626
s03_best_fastpool,1,120,0.9206399917602539
s03_best_fastpool,1,121,0.914080023765564
s03_best_fastpool,1,122,0.9188159704208374
s03_best_fastpool,1,123,0.9126080274581909
s03_best_fastpool,1,124,0.914080023765564
s03_best_fastpool,1,125,0.9144319891929626
s03_best_fastpool,1,126,0.9164159893989563
s03_best_fastpool,1,127,0.9129599928855896
s03_best_fastpool,1,128,0.9143679738044739
s03_best_fastpool,1,129,0.9145920276641846
s03_best_fastpool,1,130,0.9163200259208679
s03_best_fastpool,1,131,0.914463996887207
s03_best_fastpool,1,132,0.914080023765564
s03_best_fastpool,1,133,0.914080023765564
s03_best_fastpool,1,134,0.9142079949378967
s03_best_fastpool,1,135,0.9182080030441284
s03_best_fastpool,1,136,0.9125760197639465
s03_best_fastpool,1,137,0.91839998960495
s03_best_fastpool,1,138,0.9120960235595703
s03_best_fastpool,1,139,0.9128000140190125
s03_best_fastpool,1,140,0.9123200178146362
s03_best_fastpool,1,141,0.9149439930915833
s03_best_fastpool,1,142,0.9127039909362793
s03_best_fastpool,1,143,0.910975992679596
s03_best_fastpool,1,144,0.9186879992485046
s03_best_fastpool,1,145,0.914687991142273
s03_best_fastpool,1,146,0.9144319891929626
s03_best_fastpool,1,147,0.9143679738044739
s03_best_fastpool,1,148,0.9205759763717651
s03_best_fastpool,1,149,0.914687991142273
s03_best_fastpool,1,150,0.9126719832420349
s03_best_fastpool,1,151,0.914143979549408
s03_best_fastpool,1,152,0.9247679710388184
s03_best_fastpool,1,153,0.914687991142273
s03_best_fastpool,1,154,0.9127039909362793
s03_best_fastpool,1,155,0.9165760278701782
s03_best_fastpool,1,156,0.9182080030441284
s03_best_fastpool,1,157,0.9186239838600159
s03_best_fastpool,1,158,0.9202880263328552
s03_best_fastpool,1,159,0.9143360257148743
s03_best_fastpool,1,160,0.9166079759597778
s03_best_fastpool,1,161,0.9123520255088806
s03_best_fastpool,1,162,0.9140480160713196
s03_best_fastpool,1,163,0.9163839817047119
s03_best_fastpool,1,164,0.914463996887207
s03_best_fastpool,1,165,0.9150400161743164
s03_best_fastpool,1,166,0.9087039828300476
s03_best_fastpool,1,167,0.9187520146369934
s03_best_fastpool,1,168,0.9128959774971008
s03_best_fastpool,1,169,0.9149119853973389
s03_best_fastpool,1,170,0.9128000140190125
s03_best_fastpool,1,171,0.9142720103263855
s03_best_fastpool,1,172,0.921280026435852
s03_best_fastpool,1,173,0.9142400026321411
s03_best_fastpool,1,174,0.9169600009918213
s03_best_fastpool,1,175,0.9125440120697021
s03_best_fastpool,1,176,0.9169600009918213
s03_best_fastpool,1,177,0.9124799966812134
s03_best_fastpool,1,178,0.914463996887207
s03_best_fastpool,1,179,0.9143679738044739
s03_best_fastpool,1,180,0.9128959774971008
s03_best_fastpool,1,181,0.9204800128936768
s03_best_fastpool,1,182,0.9128320217132568
s03_best_fastpool,1,183,0.9227839708328247
s03_best_fastpool,1,184,0.9147520065307617
s03_best_fastpool,1,185,0.9163839817047119
s03_best_fastpool,1,186,0.9142400026321411
s03_best_fastpool,1,187,0.9145280122756958
s03_best_fastpool,1,188,0.9168639779090881
s03_best_fastpool,1,189,0.9103360176086426
s03_best_fastpool,1,190,0.9168319702148438
s03_best_fastpool,1,191,0.9109119772911072
s03_best_fastpool,1,192,0.9204800128936768
s03_best_fastpool,1,193,0.9107840061187744
s03_best_fastpool,1,194,0.9147520065307617
s03_best_fastpool,1,195,0.9143679738044739
s03_best_fastpool,1,196,0.9149760007858276
s03_best_fastpool,1,197,0.9147199988365173
s03_best_fastpool,1,198,0.9101759791374207
s03_best_fastpool,1,199,0.9125440120697021
s03_best_fastpool,2,0,0.9085440039634705
s03_best_fastpool,2,1,0.9164800047874451
s03_best_fastpool,2,2,0.9146559834480286
s03_best_fastpool,2,3,0.9140160083770752
s03_best_fastpool,2,4,0.9162880182266235
s03_best_fastpool,2,5,0.9106559753417969
s03_best_fastpool,2,6,0.9167360067367554
s03_best_fastpool,2,7,0.9121279716491699
s03_best_fastpool,2,8,0.914080023765564
s03_best_fastpool,2,9,0.9102720022201538
s03_best_fastpool,2,10,0.9124159812927246
s03_best_fastpool,2,11,0.9150400161743164
s03_best_fastpool,2,12,0.9148799777030945
s03_best_fastpool,2,13,0.9143040180206299
s03_best_fastpool,2,14,0.9140480160713196
s03_best_fastpool,2,15,0.9182400107383728
s03_best_fastpool,2,16,0.9120000004768372
s03_best_fastpool,2,17,0.9144319891929626
s03_best_fastpool,2,18,0.9225599765777588
s03_best_fastpool,2,19,0.915008008480072
s03_best_fastpool,2,20,0.9124159812927246
s03_best_fastpool,2,21,0.9144960045814514
s03_best_fastpool,2,22,0.9141759872436523
s03_best_fastpool,2,23,0.9143679738044739
s03_best_fastpool,2,24,0.9148160219192505
s03_best_fastpool,2,25,0.9144960045814514
s03_best_fastpool,2,26,0.9185919761657715
s03_best_fastpool,2,27,0.9124159812927246
s03_best_fastpool,2,28,0.9104959964752197
s03_best_fastpool,2,29,0.9148160219192505
s03_best_fastpool,2,30,0.9144319891929626
s03_best_fastpool,2,31,0.9186239838600159
s03_best_fastpool,2,32,0.9130560159683228
s03_best_fastpool,2,33,0.9144319891929626
s03_best_fastpool,2,34,0.9126719832420349
s03_best_fastpool,2,35,0.9126080274581909
s03_best_fastpool,2,36,0.9148799777030945
s03_best_fastpool,2,37,0.9090240001678467
s03_best_fastpool,2,38,0.9200959801673889
s03_best_fastpool,2,39,0.9101759791374207
s03_best_fastpool,2,40,0.9126080274581909
s03_best_fastpool,2,41,0.9128640294075012
s03_best_fastpool,2,42,0.9128320217132568
s03_best_fastpool,2,43,0.9142720103263855
s03_best_fastpool,2,44,0.9101439714431763
s03_best_fastpool,2,45,0.9151359796524048
s03_best_fastpool,2,46,0.9130560159683228
s03_best_fastpool,2,47,0.9144960045814514
s03_best_fastpool,2,48,0.9206399917602539
s03_best_fastpool,2,49,0.9145920276641846
s03_best_fastpool,2,50,0.9187840223312378
s03_best_fastpool,2,51,0.9149439930915833
s03_best_fastpool,2,52,0.9159359931945801
s03_best_fastpool,2,53,0.9129599928855896
s03_best_fastpool,2,54,0.9179199934005737
s03_best_fastpool,2,55,0.9120640158653259
s03_best_fastpool,2,56,0.908735990524292
s03_best_fastpool,2,57,0.9146559834480286
s03_best_fastpool,2,58,0.9149760007858276
s03_best_fastpool,2,59,0.9143040180206299
s03_best_fastpool,2,60,0.9125440120697021
s03_best_fastpool,2,61,0.9166399836540222
s03_best_fastpool,2,62,0.9186239838600159
s03_best_fastpool,2,63,0.9212480187416077
s03_best_fastpool,2,64,0.9128000140190125
s03_best_fastpool,2,65,0.9147199988365173
s03_best_fastpool,2,66,0.9127039909362793
s03_best_fastpool,2,67,0.9184640049934387
s03_best_fastpool,2,68,0.9145280122756958
s03_best_fastpool,2,69,0.9148160219192505
s03_best_fastpool,2,70,0.9144319891929626
s03_best_fastpool,2,71,0.9125120043754578
s03_best_fastpool,2,72,0.9189119935035706
s03_best_fastpool,2,73,0.9127039909362793
s03_best_fastpool,2,74,0.9125120043754578
s03_best_fastpool,2,75,0.9143360257148743
s03_best_fastpool,2,76,0.9099519848823547
s03_best_fastpool,2,77,0.9169279932975769
s03_best_fastpool,2,78,0.9123520255088806
s03_best_fastpool,2,79,0.9165760278701782
s03_best_fastpool,2,80,0.9126080274581909
s03_best_fastpool,2,81,0.9168319702148438
s03_best_fastpool,2,82,0.9129279851913452
s03_best_fastpool,2,83,0.916159987449646
s03_best_fastpool,2,84,0.9166719913482666
s03_best_fastpool,2,85,0.9105920195579529
s03_best_fastpool,2,86,0.9128959774971008
s03_best_fastpool,2,87,0.9084799885749817
s03_best_fastpool,2,88,0.9172160029411316
s03_best_fastpool,2,89,0.914143979549408
s03_best_fastpool,2,90,0.9108160138130188
s03_best_fastpool,2,91,0.9087039828300476
s03_best_fastpool,2,92,0.9147199988365173
s03_best_fastpool,2,93,0.9143679738044739
s03_best_fastpool,2,94,0.9142720103263855
s03_best_fastpool,2,95,0.910207986831665
s03_best_fastpool,2,96,0.9162560105323792
s03_best_fastpool,2,97,0.9121599793434143
s03_best_fastpool,2,98,0.9149119853973389
s03_best_fastpool,2,99,0.9244160056114197
s03_best_fastpool,2,100,0.9186879992485046
s03_best_fastpool,2,101,0.9104639887809753
s03_best_fastpool,2,102,0.9143040180206299
s03_best_fastpool,2,103,0.9106240272521973
s03_best_fastpool,2,104,0.9128640294075012
s03_best_fastpool,2,105,0.9128320217132568
s03_best_fastpool,2,106,0.9163839817047119
s03_best_fastpool,2,107,0.9104639887809753
s03_best_fastpool,2,108,0.9183359742164612
s03_best_fastpool,2,109,0.9122560024261475
s03_best_fastpool,2,110,0.9127359986305237
s03_best_fastpool,2,111,0.9105280041694641
s03_best_fastpool,2,112,0.910431981086731
s03_best_fastpool,2,113,0.9148480296134949
s03_best_fastpool,2,114,0.9124159812927246
s03_best_fastpool,2,115,0.9162560105323792
s03_best_fastpool,2,116,0.9140480160713196
s03_best_fastpool,2,117,0.9145920276641846
s03_best_fastpool,2,118,0.9126719832420349
s03_best_fastpool,2,119,0.9146559834480286
s03_best_fastpool,2,120,0.916159987449646
s03_best_fastpool,2,121,0.9146559834480286
s03_best_fastpool,2,122,0.9165120124816895
s03_best_fastpool,2,123,0.9148160219192505
s03_best_fastpool,2,124,0.914687991142273
s03_best_fastpool,2,125,0.9102720022201538
s03_best_fastpool,2,126,0.9146559834480286
s03_best_fastpool,2,127,0.9141759872436523
s03_best_fastpool,2,128,0.9086400270462036
s03_best_fastpool,2,129,0.9141119718551636
s03_best_fastpool,2,130,0.9125120043754578
s03_best_fastpool,2,131,0.918720006942749
s03_best_fastpool,2,132,0.9126080274581909
s03_best_fastpool,2,133,0.9148480296134949
s03_best_fastpool,2,134,0.9162880182266235
s03_best_fastpool,2,135,0.9129279851913452
s03_best_fastpool,2,136,0.9143679738044739
s03_best_fastpool,2,137,0.9146239757537842
s03_best_fastpool,2,138,0.9144319891929626
s03_best_fastpool,2,139,0.9143360257148743
s03_best_fastpool,2,140,0.9141119718551636
s03_best_fastpool,2,141,0.9143360257148743
s03_best_fastpool,2,142,0.9170560240745544
s03_best_fastpool,2,143,0.9141759872436523
s03_best_fastpool,2,144,0.915008008480072
s03_best_fastpool,2,145,0.9165120124816895
s03_best_fastpool,2,146,0.9121279716491699
s03_best_fastpool,2,147,0.912447988986969
s03_best_fastpool,2,148,0.9145280122756958
s03_best_fastpool,2,149,0.9190080165863037
s03_best_fastpool,2,150,0.9125440120697021
s03_best_fastpool,2,151,0.9121279716491699
s03_best_fastpool,2,152,0.9148160219192505
s03_best_fastpool,2,153,0.9080640077590942
s03_best_fastpool,2,154,0.9126399755477905
s03_best_fastpool,2,155,0.9104639887809753
s03_best_fastpool,2,156,0.9169600009918213
s03_best_fastpool,2,157,0.9128000140190125
s03_best_fastpool,2,158,0.9127680063247681
s03_best_fastpool,2,159,0.9147520065307617
s03_best_fastpool,2,160,0.9128320217132568
s03_best_fastpool,2,161,0.9079999923706055
s03_best_fastpool,2,162,0.9128640294075012
s03_best_fastpool,2,163,0.9147840142250061
s03_best_fastpool,2,164,0.9163839817047119
s03_best_fastpool,2,165,0.916703999042511
s03_best_fastpool,2,166,0.9147520065307617
s03_best_fastpool,2,167,0.9128640294075012
s03_best_fastpool,2,168,0.9120960235595703
s03_best_fastpool,2,169,0.9124799966812134
s03_best_fastpool,2,170,0.9164800047874451
s03_best_fastpool,2,171,0.9145600199699402
s03_best_fastpool,2,172,0.9162240028381348
s03_best_fastpool,2,173,0.9147520065307617
s03_best_fastpool,2,174,0.9146559834480286
s03_best_fastpool,2,175,0.9125440120697021
s03_best_fastpool,2,176,0.9163200259208679
s03_best_fastpool,2,177,0.9084799885749817
s03_best_fastpool,2,178,0.9187520146369934
s03_best_fastpool,2,179,0.9123200178146362
s03_best_fastpool,2,180,0.9170240163803101
s03_best_fastpool,2,181,0.9161919951438904
s03_best_fastpool,2,182,0.9148480296134949
s03_best_fastpool,2,183,0.9129599928855896
s03_best_fastpool,2,184,0.9128320217132568
s03_best_fastpool,2,185,0.9164479970932007
s03_best_fastpool,2,186,0.9230080246925354
s03_best_fastpool,2,187,0.9169600009918213
s03_best_fastpool,2,188,0.9140480160713196
s03_best_fastpool,2,189,0.9146559834480286
s03_best_fastpool,2,190,0.9164159893989563
s03_best_fastpool,2,191,0.912447988986969
s03_best_fastpool,2,192,0.91839998960495
s03_best_fastpool,2,193,0.9102399945259094
s03_best_fastpool,2,194,0.9186559915542603
s03_best_fastpool,2,195,0.9146559834480286
s03_best_fastpool,2,196,0.9141759872436523
s03_best_fastpool,2,197,0.9127680063247681
s03_best_fastpool,2,198,0.9141759872436523
s03_best_fastpool,2,199,0.9185280203819275
s03_last_fastpool,0,0,0.9102399945259094
s03_last_fastpool,0,1,0.9048320055007935
s03_last_fastpool,0,2,0.9122560024261475
s03_last_fastpool,0,3,0.908735990524292
s03_last_fastpool,0,4,0.905951976776123
s03_last_fastpool,0,5,0.9086080193519592
s03_last_fastpool,0,6,0.9082239866256714
s03_last_fastpool,0,7,0.9083840250968933
s03_last_fastpool,0,8,0.9040319919586182
s03_last_fastpool,0,9,0.9103360176086426
s03_last_fastpool,0,10,0.9062399864196777
s03_last_fastpool,0,11,0.9085440039634705
s03_last_fastpool,0,12,0.9083520174026489
s03_last_fastpool,0,13,0.9162880182266235
s03_last_fastpool,0,14,0.9108480215072632
s03_last_fastpool,0,15,0.9125760197639465
s03_last_fastpool,0,16,0.9085440039634705
s03_last_fastpool,0,17,0.9079040288925171
s03_last_fastpool,0,18,0.9081599712371826
s03_last_fastpool,0,19,0.906112015247345
s03_last_fastpool,0,20,0.9065600037574768
s03_last_fastpool,0,21,0.910207986831665
s03_last_fastpool,0,22,0.9038400053977966
s03_last_fastpool,0,23,0.9085119962692261
s03_last_fastpool,0,24,0.9084799885749817
s03_last_fastpool,0,25,0.9127359986305237
s03_last_fastpool,0,26,0.906112015247345
s03_last_fastpool,0,27,0.9146559834480286
s03_last_fastpool,0,28,0.9109439849853516
s03_last_fastpool,0,29,0.9147840142250061
s03_last_fastpool,0,30,0.9085119962692261
s03_last_fastpool,0,31,0.9124159812927246
s03_last_fastpool,0,32,0.9084159731864929
s03_last_fastpool,0,33,0.9063360095024109
s03_last_fastpool,0,34,0.9078400135040283
s03_last_fastpool,0,35,0.9085119962692261
s03_last_fastpool,0,36,0.9081599712371826
s03_last_fastpool,0,37,0.906112015247345
s03_last_fastpool,0,38,0.9124159812927246
s03_last_fastpool,0,39,0.9067839980125427
s03_last_fastpool,0,40,0.9078400135040283
s03_last_fastpool,0,41,0.9102399945259094
s03_last_fastpool,0,42,0.9087039828300476
s03_last_fastpool,0,43,0.9101439714431763
s03_last_fastpool,0,44,0.9107199907302856
s03_last_fastpool,0,45,0.9101759791374207
s03_last_fastpool,0,46,0.9188799858093262
s03_last_fastpool,0,47,0.9109119772911072
s03_last_fastpool,0,48,0.9067839980125427
s03_last_fastpool,0,49,0.9128000140190125
s03_last_fastpool,0,50,0.9088960289955139
s03_last_fastpool,0,51,0.9191679954528809
s03_last_fastpool,0,52,0.9144319891929626
s03_last_fastpool,0,53,0.90447998046875
s03_last_fastpool,0,54,0.9106879830360413
s03_last_fastpool,0,55,0.908735990524292
s03_last_fastpool,0,56,0.910431981086731
s03_last_fastpool,0,57,0.908735990524292
s03_last_fastpool,0,58,0.9059839844703674
s03_last_fastpool,0,59,0.9102720022201538
s03_last_fastpool,0,60,0.9068480134010315
s03_last_fastpool,0,61,0.9128959774971008
s03_last_fastpool,0,62,0.9170240163803101
s03_last_fastpool,0,63,0.9086400270462036
s03_last_fastpool,0,64,0.9126719832420349
s03_last_fastpool,0,65,0.9082239866256714
s03_last_fastpool,0,66,0.9081599712371826
s03_last_fastpool,0,67,0.9083200097084045
s03_last_fastpool,0,68,0.906175971031189
s03_last_fastpool,0,69,0.9080640077590942
s03_last_fastpool,0,70,0.9149119853973389
s03_last_fastpool,0,71,0.9083200097084045
s03_last_fastpool,0,72,0.9162880182266235
s03_last_fastpool,0,73,0.9082559943199158
s03_last_fastpool,0,74,0.9066240191459656
s03_last_fastpool,0,75,0.9088320136070251
s03_last_fastpool,0,76,0.9105920195579529
s03_last_fastpool,0,77,0.9063040018081665
s03_last_fastpool,0,78,0.9078720211982727
s03_last_fastpool,0,79,0.9068160057067871
s03_last_fastpool,0,80,0.9086719751358032
s03_last_fastpool,0,81,0.9110080003738403
s03_last_fastpool,0,82,0.9123839735984802
s03_last_fastpool,0,83,0.908128023147583
s03_last_fastpool,0,84,0.9129599928855896
s03_last_fastpool,0,85,0.9080960154533386
s03_last_fastpool,0,86,0.9083200097084045
s03_last_fastpool,0,87,0.908191978931427
s03_last_fastpool,0,88,0.9079999923706055
s03_last_fastpool,0,89,0.9063040018081665
s03_last_fastpool,0,90,0.9101439714431763
s03_last_fastpool,0,91,0.9083520174026489
s03_last_fastpool,0,92,0.9125440120697021
s03_last_fastpool,0,93,0.9058560132980347
s03_last_fastpool,0,94,0.9085119962692261
s03_last_fastpool,0,95,0.9123200178146362
s03_last_fastpool,0,96,0.9088000059127808
s03_last_fastpool,0,97,0.9127359986305237
s03_last_fastpool,0,98,0.9099839925765991
s03_last_fastpool,0,99,0.9084159731864929
s03_last_fastpool,0,100,0.9102399945259094
s03_last_fastpool,0,101,0.9086719751358032
s03_last_fastpool,0,102,0.908191978931427
s03_last_fastpool,0,103,0.9107840061187744
s03_last_fastpool,0,104,0.9081599712371826
s03_last_fastpool,0,105,0.9125440120697021
s03_last_fastpool,0,106,0.9102399945259094
s03_last_fastpool,0,107,0.9066879749298096
s03_last_fastpool,0,108,0.9047039747238159
s03_last_fastpool,0,109,0.9104959964752197
s03_last_fastpool,0,110,0.908191978931427
s03_last_fastpool,0,111,0.9084159731864929
s03_last_fastpool,0,112,0.9088320136070251
s03_last_fastpool,0,113,0.9088000059127808
s03_last_fastpool,0,114,0.9125120043754578
s03_last_fastpool,0,115,0.9099839925765991
s03_last_fastpool,0,116,0.9103360176086426
s03_last_fastpool,0,117,0.9142400026321411
s03_last_fastpool,0,118,0.9163200259208679
s03_last_fastpool,0,119,0.9084159731864929
s03_last_fastpool,0,120,0.9063680171966553
s03_last_fastpool,0,121,0.9087039828300476
s03_last_fastpool,0,122,0.9129279851913452
s03_last_fastpool,0,123,0.906495988368988
s03_last_fastpool,0,124,0.9105600118637085
s03_last_fastpool,0,125,0.9063360095024109
s03_last_fastpool,0,126,0.9157760143280029
s03_last_fastpool,0,127,0.9064000248908997
s03_last_fastpool,0,128,0.9082880020141602
s03_last_fastpool,0,129,0.9084799885749817
s03_last_fastpool,0,130,0.9126719832420349
s03_last_fastpool,0,131,0.9127359986305237
s03_last_fastpool,0,132,0.906495988368988
s03_last_fastpool,0,133,0.9149760007858276
s03_last_fastpool,0,134,0.9042559862136841
s03_last_fastpool,0,135,0.9063040018081665
s03_last_fastpool,0,136,0.9080640077590942
s03_last_fastpool,0,137,0.9102399945259094
s03_last_fastpool,0,138,0.9106879830360413
s03_last_fastpool,0,139,0.9067519903182983
s03_last_fastpool,0,140,0.9129599928855896
s03_last_fastpool,0,141,0.9085440039634705
s03_last_fastpool,0,142,0.9149760007858276
s03_last_fastpool,0,143,0.9104959964752197
s03_last_fastpool,0,144,0.9120640158653259
s03_last_fastpool,0,145,0.9086080193519592
s03_last_fastpool,0,146,0.9086400270462036
s03_last_fastpool,0,147,0.9128000140190125
s03_last_fastpool,0,148,0.910207986831665
s03_last_fastpool,0,149,0.9106559753417969
s03_last_fastpool,0,150,0.9149119853973389
s03_last_fastpool,0,151,0.9100800156593323
s03_last_fastpool,0,152,0.9120320081710815
s03_last_fastpool,0,153,0.9082239866256714
s03_last_fastpool,0,154,0.9100480079650879
s03_last_fastpool,0,155,0.9061440229415894
s03_last_fastpool,0,156,0.9121919870376587
s03_last_fastpool,0,157,0.9064319729804993
s03_last_fastpool,0,158,0.9146239757537842
s03_last_fastpool,0,159,0.9065920114517212
s03_last_fastpool,0,160,0.9088000059127808
s03_last_fastpool,0,161,0.9085119962692261
s03_last_fastpool,0,162,0.9099519848823547
s03_last_fastpool,0,163,0.9126719832420349
s03_last_fastpool,0,164,0.914463996887207
s03_last_fastpool,0,165,0.9128320217132568
s03_last_fastpool,0,166,0.9205440282821655
s03_last_fastpool,0,167,0.9102720022201538
s03_last_fastpool,0,168,0.9125440120697021
s03_last_fastpool,0,169,0.9205759763717651
s03_last_fastpool,0,170,0.9129279851913452
s03_last_fastpool,0,171,0.9064319729804993
s03_last_fastpool,0,172,0.9107840061187744
s03_last_fastpool,0,173,0.9106559753417969
s03_last_fastpool,0,174,0.9103040099143982
s03_last_fastpool,0,175,0.9103999733924866
s03_last_fastpool,0,176,0.9105920195579529
s03_last_fastpool,0,177,0.9103040099143982
s03_last_fastpool,0,178,0.9100480079650879
s03_last_fastpool,0,179,0.9066879749298096
s03_last_fastpool,0,180,0.9106240272521973
s03_last_fastpool,0,181,0.910431981086731
s03_last_fastpool,0,182,0.9183040261268616
s03_last_fastpool,0,183,0.9104959964752197
s03_last_fastpool,0,184,0.908191978931427
s03_last_fastpool,0,185,0.9062079787254333
s03_last_fastpool,0,186,0.9129599928855896
s03_last_fastpool,0,187,0.91075199842453
s03_last_fastpool,0,188,0.9029120206832886
s03_last_fastpool,0,189,0.9150400161743164
s03_last_fastpool,0,190,0.9068160057067871
s03_last_fastpool,0,191,0.9077759981155396
s03_last_fastpool,0,192,0.9084159731864929
s03_last_fastpool,0,193,0.908735990524292
s03_last_fastpool,0,194,0.9102399945259094
s03_last_fastpool,0,195,0.903872013092041
s03_last_fastpool,0,196,0.9082239866256714
s03_last_fastpool,0,197,0.9083200097084045
s03_last_fastpool,0,198,0.9121599793434143
s03_last_fastpool,0,199,0.9065279960632324
s03_last_fastpool,1,0,0.9079040288925171
s03_last_fastpool,1,1,0.9102399945259094
s03_last_fastpool,1,2,0.9066879749298096
s03_last_fastpool,1,3,0.9103999733924866
s03_last_fastpool,1,4,0.9059839844703674
s03_last_fastpool,1,5,0.9101120233535767
s03_last_fastpool,1,6,0.9087039828300476
s03_last_fastpool,1,7,0.9089279770851135
s03_last_fastpool,1,8,0.9105600118637085
s03_last_fastpool,1,9,0.9083200097084045
s03_last_fastpool,1,10,0.9068480134010315
s03_last_fastpool,1,11,0.9102399945259094
s03_last_fastpool,1,12,0.9100160002708435
s03_last_fastpool,1,13,0.90665602684021
s03_last_fastpool,1,14,0.9105600118637085
s03_last_fastpool,1,15,0.9084159731864929
s03_last_fastpool,1,16,0.9099839925765991
s03_last_fastpool,1,17,0.9067519903182983
s03_last_fastpool,1,18,0.9125440120697021
s03_last_fastpool,1,19,0.9066879749298096
s03_last_fastpool,1,20,0.9089279770851135
s03_last_fastpool,1,21,0.908128023147583
s03_last_fastpool,1,22,0.9100480079650879
s03_last_fastpool,1,23,0.9086080193519592
s03_last_fastpool,1,24,0.9086719751358032
s03_last_fastpool,1,25,0.9084799885749817
s03_last_fastpool,1,26,0.9121599793434143
s03_last_fastpool,1,27,0.908735990524292
s03_last_fastpool,1,28,0.9100160002708435
s03_last_fastpool,1,29,0.9103360176086426
s03_last_fastpool,1,30,0.9088960289955139
s03_last_fastpool,1,31,0.9068800210952759
s03_last_fastpool,1,32,0.914463996887207
s03_last_fastpool,1,33,0.9106559753417969
s03_last_fastpool,1,34,0.9108160138130188
s03_last_fastpool,1,35,0.9086719751358032
s03_last_fastpool,1,36,0.9068480134010315
s03_last_fastpool,1,37,0.9130240082740784
s03_last_fastpool,1,38,0.9108800292015076
s03_last_fastpool,1,39,0.9131199717521667
s03_last_fastpool,1,40,0.9105920195579529
s03_last_fastpool,1,41,0.9082239866256714
s03_last_fastpool,1,42,0.9085760116577148
s03_last_fastpool,1,43,0.9082559943199158
s03_last_fastpool,1,44,0.9084159731864929
s03_last_fastpool,1,45,0.9099519848823547
s03_last_fastpool,1,46,0.90665602684021
s03_last_fastpool,1,47,0.9103999733924866
s03_last_fastpool,1,48,0.9101120233535767
s03_last_fastpool,1,49,0.9124799966812134
s03_last_fastpool,1,50,0.9082880020141602
s03_last_fastpool,1,51,0.9085119962692261
s03_last_fastpool,1,52,0.9103360176086426
s03_last_fastpool,1,53,0.90665602684021
s03_last_fastpool,1,54,0.908191978931427
s03_last_fastpool,1,55,0.9062399864196777
s03_last_fastpool,1,56,0.9068800210952759
s03_last_fastpool,1,57,0.9066240191459656
s03_last_fastpool,1,58,0.903872013092041
s03_last_fastpool,1,59,0.9118720293045044
s03_last_fastpool,1,60,0.9045760035514832
s03_last_fastpool,1,61,0.9085440039634705
s03_last_fastpool,1,62,0.9084479808807373
s03_last_fastpool,1,63,0.9146239757537842
s03_last_fastpool,1,64,0.9105920195579529
s03_last_fastpool,1,65,0.9088000059127808
s03_last_fastpool,1,66,0.9101759791374207
s03_last_fastpool,1,67,0.9079679846763611
s03_last_fastpool,1,68,0.9122239947319031
s03_last_fastpool,1,69,0.9088640213012695
s03_last_fastpool,1,70,0.9121599793434143
s03_last_fastpool,1,71,0.9068480134010315
s03_last_fastpool,1,72,0.9066240191459656
s03_last_fastpool,1,73,0.9143360257148743
s03_last_fastpool,1,74,0.9041919708251953
s03_last_fastpool,1,75,0.9146239757537842
s03_last_fastpool,1,76,0.9101439714431763
s03_last_fastpool,1,77,0.9084799885749817
s03_last_fastpool,1,78,0.9080960154533386
s03_last_fastpool,1,79,0.9099519848823547
s03_last_fastpool,1,80,0.9121279716491699
s03_last_fastpool,1,81,0.9060159921646118
s03_last_fastpool,1,82,0.9108160138130188
s03_last_fastpool,1,83,0.9069120287895203
s03_last_fastpool,1,84,0.9122880101203918
s03_last_fastpool,1,85,0.9085760116577148
s03_last_fastpool,1,86,0.9108800292015076
s03_last_fastpool,1,87,0.9102399945259094
s03_last_fastpool,1,88,0.9083840250968933
s03_last_fastpool,1,89,0.9122880101203918
s03_last_fastpool,1,90,0.9069120287895203
s03_last_fastpool,1,91,0.9127359986305237
s03_last_fastpool,1,92,0.9063040018081665
s03_last_fastpool,1,93,0.9108800292015076
s03_last_fastpool,1,94,0.9124799966812134
s03_last_fastpool,1,95,0.908128023147583
s03_last_fastpool,1,96,0.9079999923706055
s03_last_fastpool,1,97,0.9083840250968933
s03_last_fastpool,1,98,0.9117760062217712
s03_last_fastpool,1,99,0.9045760035514832
s03_last_fastpool,1,100,0.914463996887207
s03_last_fastpool,1,101,0.906495988368988
s03_last_fastpool,1,102,0.9086400270462036
s03_last_fastpool,1,103,0.9083840250968933
s03_last_fastpool,1,104,0.9086719751358032
s03_last_fastpool,1,105,0.9084479808807373
s03_last_fastpool,1,106,0.9079999923706055
s03_last_fastpool,1,107,0.9088960289955139
s03_last_fastpool,1,108,0.9047999978065491
s03_last_fastpool,1,109,0.908128023147583
s03_last_fastpool,1,110,0.9123520255088806
s03_last_fastpool,1,111,0.908128023147583
s03_last_fastpool,1,112,0.9060479998588562
s03_last_fastpool,1,113,0.9081599712371826
s03_last_fastpool,1,114,0.9079679846763611
s03_last_fastpool,1,115,0.913536012172699
s03_last_fastpool,1,116,0.910207986831665
s03_last_fastpool,1,117,0.9043840169906616
s03_last_fastpool,1,118,0.9086719751358032
s03_last_fastpool,1,119,0.904416024684906
s03_last_fastpool,1,120,0.9088320136070251
s03_last_fastpool,1,121,0.9085119962692261
s03_last_fastpool,1,122,0.9059839844703674
s03_last_fastpool,1,123,0.9086719751358032
s03_last_fastpool,1,124,0.9127039909362793
s03_last_fastpool,1,125,0.9068480134010315
s03_last_fastpool,1,126,0.9045439958572388
s03_last_fastpool,1,127,0.9046400189399719
s03_last_fastpool,1,128,0.9149119853973389
s03_last_fastpool,1,129,0.9062079787254333
s03_last_fastpool,1,130,0.9150400161743164
s03_last_fastpool,1,131,0.9086719751358032
s03_last_fastpool,1,132,0.9100800156593323
s03_last_fastpool,1,133,0.9103999733924866
s03_last_fastpool,1,134,0.9080640077590942
s03_last_fastpool,1,135,0.9108160138130188
s03_last_fastpool,1,136,0.9064319729804993
s03_last_fastpool,1,137,0.9100480079650879
s03_last_fastpool,1,138,0.9066240191459656
s03_last_fastpool,1,139,0.9101120233535767
s03_last_fastpool,1,140,0.9121279716491699
s03_last_fastpool,1,141,0.9082559943199158
s03_last_fastpool,1,142,0.9120640158653259
s03_last_fastpool,1,143,0.9083520174026489
s03_last_fastpool,1,144,0.9103040099143982
s03_last_fastpool,1,145,0.9080960154533386
s03_last_fastpool,1,146,0.9088640213012695
s03_last_fastpool,1,147,0.9186239838600159
s03_last_fastpool,1,148,0.9105280041694641
s03_last_fastpool,1,149,0.9079999923706055
s03_last_fastpool,1,150,0.9122880101203918
s03_last_fastpool,1,151,0.9080640077590942
s03_last_fastpool,1,152,0.9084159731864929
s03_last_fastpool,1,153,0.9100160002708435
s03_last_fastpool,1,154,0.9200959801673889
s03_last_fastpool,1,155,0.9127680063247681
s03_last_fastpool,1,156,0.906175971031189
s03_last_fastpool,1,157,0.9085440039634705
s03_last_fastpool,1,158,0.9119679927825928
s03_last_fastpool,1,159,0.9078400135040283
s03_last_fastpool,1,160,0.9084799885749817
s03_last_fastpool,1,161,0.904416024684906
s03_last_fastpool,1,162,0.9083200097084045
s03_last_fastpool,1,163,0.9020799994468689
s03_last_fastpool,1,164,0.9144960045814514
s03_last_fastpool,1,165,0.9080320000648499
s03_last_fastpool,1,166,0.9106559753417969
s03_last_fastpool,1,167,0.9064639806747437
s03_last_fastpool,1,168,0.9208639860153198
s03_last_fastpool,1,169,0.9106879830360413
s03_last_fastpool,1,170,0.9069120287895203
s03_last_fastpool,1,171,0.910207986831665
s03_last_fastpool,1,172,0.9086080193519592
s03_last_fastpool,1,173,0.9082559943199158
s03_last_fastpool,1,174,0.9098880290985107
s03_last_fastpool,1,175,0.90665602684021
s03_last_fastpool,1,176,0.9086719751358032
s03_last_fastpool,1,177,0.9041600227355957
s03_last_fastpool,1,178,0.9150720238685608
s03_last_fastpool,1,179,0.9047999978065491
s03_last_fastpool,1,180,0.9021440148353577
s03_last_fastpool,1,181,0.9123200178146362
s03_last_fastpool,1,182,0.9140160083770752
s03_last_fastpool,1,183,0.9106879830360413
s03_last_fastpool,1,184,0.9079040288925171
s03_last_fastpool,1,185,0.9126399755477905
s03_last_fastpool,1,186,0.9089599847793579
s03_last_fastpool,1,187,0.9105920195579529
s03_last_fastpool,1,188,0.9123839735984802
s03_last_fastpool,1,189,0.9046400189399719
s03_last_fastpool,1,190,0.9101439714431763
s03_last_fastpool,1,191,0.9109439849853516
s03_last_fastpool,1,192,0.9079359769821167
s03_last_fastpool,1,193,0.9100160002708435
s03_last_fastpool,1,194,0.9079679846763611
s03_last_fastpool,1,195,0.9089279770851135
s03_last_fastpool,1,196,0.9102399945259094
s03_last_fastpool,1,197,0.9046720266342163
s03_last_fastpool,1,198,0.9149439930915833
s03_last_fastpool,1,199,0.9108480215072632
s03_last_fastpool,2,0,0.9190080165863037
s03_last_fastpool,2,1,0.905888020992279
s03_last_fastpool,2,2,0.9059200286865234
s03_last_fastpool,2,3,0.906495988368988
s03_last_fastpool,2,4,0.9108160138130188
s03_last_fastpool,2,5,0.9089279770851135
s03_last_fastpool,2,6,0.9064319729804993
s03_last_fastpool,2,7,0.9101120233535767
s03_last_fastpool,2,8,0.9063040018081665
s03_last_fastpool,2,9,0.9123520255088806
s03_last_fastpool,2,10,0.906719982624054
s03_last_fastpool,2,11,0.9082239866256714
s03_last_fastpool,2,12,0.908735990524292
s03_last_fastpool,2,13,0.9100800156593323
s03_last_fastpool,2,14,0.910368025302887
s03_last_fastpool,2,15,0.9086080193519592
s03_last_fastpool,2,16,0.9146559834480286
s03_last_fastpool,2,17,0.908128023147583
s03_last_fastpool,2,18,0.9120000004768372
s03_last_fastpool,2,19,0.9067519903182983
s03_last_fastpool,2,20,0.9099199771881104
s03_last_fastpool,2,21,0.9088320136070251
s03_last_fastpool,2,22,0.9109439849853516
s03_last_fastpool,2,23,0.9100800156593323
s03_last_fastpool,2,24,0.9061440229415894
s03_last_fastpool,2,25,0.9150720238685608
s03_last_fastpool,2,26,0.905888020992279
s03_last_fastpool,2,27,0.9080320000648499
s03_last_fastpool,2,28,0.9064319729804993
s03_last_fastpool,2,29,0.9065920114517212
s03_last_fastpool,2,30,0.9085119962692261
s03_last_fastpool,2,31,0.907039999961853
s03_last_fastpool,2,32,0.906112015247345
s03_last_fastpool,2,33,0.9062719941139221
s03_last_fastpool,2,34,0.9065920114517212
s03_last_fastpool,2,35,0.9065600037574768
s03_last_fastpool,2,36,0.9103360176086426
s03_last_fastpool,2,37,0.9001280069351196
s03_last_fastpool,2,38,0.908191978931427
s03_last_fastpool,2,39,0.9088640213012695
s03_last_fastpool,2,40,0.908128023147583
s03_last_fastpool,2,41,0.905888020992279
s03_last_fastpool,2,42,0.9066879749298096
s03_last_fastpool,2,43,0.9043840169906616
s03_last_fastpool,2,44,0.9065920114517212
s03_last_fastpool,2,45,0.9099519848823547
s03_last_fastpool,2,46,0.9082239866256714
s03_last_fastpool,2,47,0.9098880290985107
s03_last_fastpool,2,48,0.9045439958572388
s03_last_fastpool,2,49,0.9080960154533386
s03_last_fastpool,2,50,0.9108160138130188
s03_last_fastpool,2,51,0.9081599712371826
s03_last_fastpool,2,52,0.9127680063247681
s03_last_fastpool,2,53,0.9101759791374207
s03_last_fastpool,2,54,0.9068160057067871
s03_last_fastpool,2,55,0.9066879749298096
s03_last_fastpool,2,56,0.9103360176086426
s03_last_fastpool,2,57,0.9127039909362793
s03_last_fastpool,2,58,0.9084799885749817
s03_last_fastpool,2,59,0.9083840250968933
s03_last_fastpool,2,60,0.9169600009918213
s03_last_fastpool,2,61,0.9082239866256714
s03_last_fastpool,2,62,0.9122880101203918
s03_last_fastpool,2,63,0.9144960045814514
s03_last_fastpool,2,64,0.9087039828300476
s03_last_fastpool,2,65,0.910431981086731
s03_last_fastpool,2,66,0.9063360095024109
s03_last_fastpool,2,67,0.9106559753417969
s03_last_fastpool,2,68,0.9106240272521973
s03_last_fastpool,2,69,0.9103040099143982
s03_last_fastpool,2,70,0.9109439849853516
s03_last_fastpool,2,71,0.9065279960632324
s03_last_fastpool,2,72,0.9124799966812134
s03_last_fastpool,2,73,0.9079999923706055
s03_last_fastpool,2,74,0.9079359769821167
s03_last_fastpool,2,75,0.9108800292015076
s03_last_fastpool,2,76,0.9083520174026489
s03_last_fastpool,2,77,0.910975992679596
s03_last_fastpool,2,78,0.9081599712371826
s03_last_fastpool,2,79,0.9107840061187744
s03_last_fastpool,2,80,0.9142720103263855
s03_last_fastpool,2,81,0.9061440229415894
s03_last_fastpool,2,82,0.910207986831665
s03_last_fastpool,2,83,0.9222400188446045
s03_last_fastpool,2,84,0.9100480079650879
s03_last_fastpool,2,85,0.915008008480072
s03_last_fastpool,2,86,0.9125120043754578
s03_last_fastpool,2,87,0.9087679982185364
s03_last_fastpool,2,88,0.9120640158653259
s03_last_fastpool,2,89,0.9059200286865234
s03_last_fastpool,2,90,0.908191978931427
s03_last_fastpool,2,91,0.9103999733924866
s03_last_fastpool,2,92,0.908735990524292
s03_last_fastpool,2,93,0.9091839790344238
s03_last_fastpool,2,94,0.9066879749298096
s03_last_fastpool,2,95,0.9124799966812134
s03_last_fastpool,2,96,0.9043520092964172
s03_last_fastpool,2,97,0.908191978931427
s03_last_fastpool,2,98,0.9079040288925171
s03_last_fastpool,2,99,0.9108800292015076
s03_last_fastpool,2,100,0.9080640077590942
s03_last_fastpool,2,101,0.9163839817047119
s03_last_fastpool,2,102,0.9085440039634705
s03_last_fastpool,2,103,0.906495988368988
s03_last_fastpool,2,104,0.908191978931427
s03_last_fastpool,2,105,0.9068160057067871
s03_last_fastpool,2,106,0.912992000579834
s03_last_fastpool,2,107,0.908128023147583
s03_last_fastpool,2,108,0.9107840061187744
s03_last_fastpool,2,109,0.9106559753417969
s03_last_fastpool,2,110,0.9086719751358032
s03_last_fastpool,2,111,0.9086080193519592
s03_last_fastpool,2,112,0.9063040018081665
s03_last_fastpool,2,113,0.908128023147583
s03_last_fastpool,2,114,0.9065600037574768
s03_last_fastpool,2,115,0.9083520174026489
s03_last_fastpool,2,116,0.9127680063247681
s03_last_fastpool,2,117,0.9101759791374207
s03_last_fastpool,2,118,0.9166399836540222
s03_last_fastpool,2,119,0.9065279960632324
s03_last_fastpool,2,120,0.9121919870376587
s03_last_fastpool,2,121,0.9108800292015076
s03_last_fastpool,2,122,0.9153280258178711
s03_last_fastpool,2,123,0.9148160219192505
s03_last_fastpool,2,124,0.9096959829330444
s03_last_fastpool,2,125,0.9069439768791199
s03_last_fastpool,2,126,0.910431981086731
s03_last_fastpool,2,127,0.9079040288925171
s03_last_fastpool,2,128,0.9110400080680847
s03_last_fastpool,2,129,0.9125120043754578
s03_last_fastpool,2,130,0.9085440039634705
s03_last_fastpool,2,131,0.9104959964752197
s03_last_fastpool,2,132,0.9104639887809753
s03_last_fastpool,2,133,0.9064000248908997
s03_last_fastpool,2,134,0.9070079922676086
s03_last_fastpool,2,135,0.9100160002708435
s03_last_fastpool,2,136,0.9066879749298096
s03_last_fastpool,2,137,0.9019520282745361
s03_last_fastpool,2,138,0.9067839980125427
s03_last_fastpool,2,139,0.908735990524292
s03_last_fastpool,2,140,0.9084479808807373
s03_last_fastpool,2,141,0.9102720022201538
s03_last_fastpool,2,142,0.9063040018081665
s03_last_fastpool,2,143,0.914687991142273
s03_last_fastpool,2,144,0.9063680171966553
s03_last_fastpool,2,145,0.9080320000648499
s03_last_fastpool,2,146,0.9102720022201538
s03_last_fastpool,2,147,0.9049919843673706
s03_last_fastpool,2,148,0.9109439849853516
s03_last_fastpool,2,149,0.9060479998588562
s03_last_fastpool,2,150,0.9120960235595703
s03_last_fastpool,2,151,0.9084159731864929
s03_last_fastpool,2,152,0.9105280041694641
s03_last_fastpool,2,153,0.9064639806747437
s03_last_fastpool,2,154,0.9065279960632324
s03_last_fastpool,2,155,0.9107199907302856
s03_last_fastpool,2,156,0.9080960154533386
s03_last_fastpool,2,157,0.9122880101203918
s03_last_fastpool,2,158,0.9080320000648499
s03_last_fastpool,2,159,0.9100800156593323
s03_last_fastpool,2,160,0.9078400135040283
s03_last_fastpool,2,161,0.9084159731864929
s03_last_fastpool,2,162,0.910431981086731
s03_last_fastpool,2,163,0.9085119962692261
s03_last_fastpool,2,164,0.9064319729804993
s03_last_fastpool,2,165,0.9059839844703674
s03_last_fastpool,2,166,0.9128959774971008
s03_last_fastpool,2,167,0.9079679846763611
s03_last_fastpool,2,168,0.9102399945259094
s03_last_fastpool,2,169,0.9084159731864929
s03_last_fastpool,2,170,0.9103999733924866
s03_last_fastpool,2,171,0.9078720211982727
s03_last_fastpool,2,172,0.9101439714431763
s03_last_fastpool,2,173,0.908735990524292
s03_last_fastpool,2,174,0.9107840061187744
s03_last_fastpool,2,175,0.9102399945259094
s03_last_fastpool,2,176,0.9043200016021729
s03_last_fastpool,2,177,0.9143360257148743
s03_last_fastpool,2,178,0.9087039828300476
s03_last_fastpool,2,179,0.9100480079650879
s03_last_fastpool,2,180,0.9101439714431763
s03_last_fastpool,2,181,0.9106559753417969
s03_last_fastpool,2,182,0.90556800365448
s03_last_fastpool,2,183,0.9056640267372131
s03_last_fastpool,2,184,0.9120320081710815
s03_last_fastpool,2,185,0.9064000248908997
s03_last_fastpool,2,186,0.9144319891929626
s03_last_fastpool,2,187,0.91075199842453
s03_last_fastpool,2,188,0.9086080193519592
s03_last_fastpool,2,189,0.906175971031189
s03_last_fastpool,2,190,0.9079040288925171
s03_last_fastpool,2,191,0.9105600118637085
s03_last_fastpool,2,192,0.9087679982185364
s03_last_fastpool,2,193,0.9199039936065674
s03_last_fastpool,2,194,0.9125440120697021
s03_last_fastpool,2,195,0.9066879749298096
s03_last_fastpool,2,196,0.906112015247345
s03_last_fastpool,2,197,0.9101439714431763
s03_last_fastpool,2,198,0.9164479970932007
s03_last_fastpool,2,199,0.9105280041694641
